Style,Type,Density,Part_Width,Manufacturer,C_MEM_REG_DIMM,memory_total_data_width,C_MEM_PARTNO,C_MEM_PART_DATA_DEPTH,C_MEM_PART_DATA_WIDTH,C_MEM_PART_NUM_BANK_BITS,C_MEM_PART_NUM_ROW_BITS,C_MEM_PART_NUM_COL_BITS,C_MEM_PART_TRAS,C_MEM_PART_TRASMAX,C_MEM_PART_TRC,C_MEM_PART_TRCD,C_MEM_PART_TDQSS,C_MEM_PART_TWR,C_MEM_PART_TRP,C_MEM_PART_TMRD,C_MEM_PART_TRRD,C_MEM_PART_TRFC,C_MEM_PART_TREFI,C_MEM_PART_TAL,C_MEM_PART_TCCD,C_MEM_PART_TWTR,C_MEM_PART_TRTP,C_MEM_PART_CAS_A_FMAX,C_MEM_PART_CAS_A,C_MEM_PART_CAS_B_FMAX,C_MEM_PART_CAS_B,C_MEM_PART_CAS_C_FMAX,C_MEM_PART_CAS_C,C_MEM_PART_CAS_D_FMAX,C_MEM_PART_CAS_D,C_MEM_CLK_WIDTH,C_MEM_ODT_WIDTH,C_MEM_CE_WIDTH,C_MEM_CS_N_WIDTH,C_MEM_NUM_RANKS
Discrete,DDR,128Mb,x16,Hynix,0,0,HY5DU281622ET-D4,8,16,2,12,9,40000,70000000,60000,18000,1,15000,18000,2,10000,70000,15600000,,,,,200,3,0,0,0,0,0,0,1,1,1,1,1
Discrete,DDR,128Mb,x16,Hynix,0,0,HY5DU281622ET-D43,8,16,2,12,9,40000,70000000,55000,15000,1,15000,15000,2,10000,70000,15600000,,,,,200,3,0,0,0,0,0,0,1,1,1,1,1
Discrete,DDR,128Mb,x16,Hynix,0,0,HY5DU281622ET-H,8,16,2,12,9,45000,120000000,65000,20000,1,15000,20000,2,15000,75000,15600000,,,,,100,2,133,2.5,0,0,0,0,1,1,1,1,1
Discrete,DDR,128Mb,x16,Hynix,0,0,HY5DU281622ET-J,8,16,2,12,9,42000,120000000,60000,18000,1,15000,18000,2,12000,72000,15600000,,,,,133,2,166,2.5,166,3,0,0,1,1,1,1,1
Discrete,DDR,128Mb,x16,Hynix,0,0,HY5DU281622ET-K,8,16,2,12,9,45000,120000000,65000,20000,1,15000,20000,2,15000,75000,15600000,,,,,133,2,133,2.5,0,0,0,0,1,1,1,1,1
Discrete,DDR,128Mb,x16,Hynix,0,0,HY5DU281622ET-L,8,16,2,12,9,50000,120000000,70000,20000,1,15000,20000,2,15000,80000,15600000,,,,,100,2,125,2.5,0,0,0,0,1,1,1,1,1
Discrete,DDR,128Mb,x16,Hynix,0,0,HY5DU281622ET-M,8,16,2,12,9,45000,120000000,60000,15000,1,15000,15000,2,15000,75000,15600000,,,,,133,2,133,2.5,0,0,0,0,1,1,1,1,1
Discrete,DDR,128Mb,x16,Hynix,0,0,HY5DU281622ETP-D4,8,16,2,12,9,40000,70000000,60000,18000,1,15000,18000,2,10000,70000,15600000,,,,,200,3,0,0,0,0,0,0,1,1,1,1,1
Discrete,DDR,128Mb,x16,Hynix,0,0,HY5DU281622ETP-D43,8,16,2,12,9,40000,70000000,55000,15000,1,15000,15000,2,10000,70000,15600000,,,,,200,3,0,0,0,0,0,0,1,1,1,1,1
Discrete,DDR,128Mb,x16,Hynix,0,0,HY5DU281622ETP-H,8,16,2,12,9,45000,120000000,65000,20000,1,15000,20000,2,15000,75000,15600000,,,,,100,2,133,2.5,0,0,0,0,1,1,1,1,1
Discrete,DDR,128Mb,x16,Hynix,0,0,HY5DU281622ETP-J,8,16,2,12,9,42000,120000000,60000,18000,1,15000,18000,2,12000,72000,15600000,,,,,133,2,166,2.5,166,3,0,0,1,1,1,1,1
Discrete,DDR,128Mb,x16,Hynix,0,0,HY5DU281622ETP-K,8,16,2,12,9,45000,120000000,65000,20000,1,15000,20000,2,15000,75000,15600000,,,,,133,2,133,2.5,0,0,0,0,1,1,1,1,1
Discrete,DDR,128Mb,x16,Hynix,0,0,HY5DU281622ETP-L,8,16,2,12,9,50000,120000000,70000,20000,1,15000,20000,2,15000,80000,15600000,,,,,100,2,125,2.5,0,0,0,0,1,1,1,1,1
Discrete,DDR,128Mb,x16,Hynix,0,0,HY5DU281622ETP-M,8,16,2,12,9,45000,120000000,60000,15000,1,15000,15000,2,15000,75000,15600000,,,,,133,2,133,2.5,0,0,0,0,1,1,1,1,1
Discrete,DDR,128Mb,x8,Hynix,0,0,HY5DU28822ET-H,16,8,2,12,10,45000,120000000,65000,20000,1,15000,20000,2,15000,75000,15600000,,,,,100,2,133,2.5,0,0,0,0,1,1,1,1,1
Discrete,DDR,128Mb,x8,Hynix,0,0,HY5DU28822ET-J,16,8,2,12,10,42000,120000000,60000,18000,1,15000,18000,2,12000,72000,15600000,,,,,133,2,166,2.5,166,3,0,0,1,1,1,1,1
Discrete,DDR,128Mb,x8,Hynix,0,0,HY5DU28822ET-K,16,8,2,12,10,45000,120000000,65000,20000,1,15000,20000,2,15000,75000,15600000,,,,,133,2,133,2.5,0,0,0,0,1,1,1,1,1
Discrete,DDR,128Mb,x8,Hynix,0,0,HY5DU28822ET-L,16,8,2,12,10,50000,120000000,70000,20000,1,15000,20000,2,15000,80000,15600000,,,,,100,2,125,2.5,0,0,0,0,1,1,1,1,1
Discrete,DDR,128Mb,x8,Hynix,0,0,HY5DU28822ET-M,16,8,2,12,10,45000,120000000,60000,15000,1,15000,15000,2,15000,75000,15600000,,,,,133,2,133,2.5,0,0,0,0,1,1,1,1,1
Discrete,DDR,128Mb,x8,Hynix,0,0,HY5DU28822ETP-H,16,8,2,12,10,45000,120000000,65000,20000,1,15000,20000,2,15000,75000,15600000,,,,,100,2,133,2.5,0,0,0,0,1,1,1,1,1
Discrete,DDR,128Mb,x8,Hynix,0,0,HY5DU28822ETP-J,16,8,2,12,10,42000,120000000,60000,18000,1,15000,18000,2,12000,72000,15600000,,,,,133,2,166,2.5,166,3,0,0,1,1,1,1,1
Discrete,DDR,128Mb,x8,Hynix,0,0,HY5DU28822ETP-K,16,8,2,12,10,45000,120000000,65000,20000,1,15000,20000,2,15000,75000,15600000,,,,,133,2,133,2.5,0,0,0,0,1,1,1,1,1
Discrete,DDR,128Mb,x8,Hynix,0,0,HY5DU28822ETP-L,16,8,2,12,10,50000,120000000,70000,20000,1,15000,20000,2,15000,80000,15600000,,,,,100,2,125,2.5,0,0,0,0,1,1,1,1,1
Discrete,DDR,128Mb,x8,Hynix,0,0,HY5DU28822ETP-M,16,8,2,12,10,45000,120000000,60000,15000,1,15000,15000,2,15000,75000,15600000,,,,,133,2,133,2.5,0,0,0,0,1,1,1,1,1
Discrete,DDR,256Mb,x16,Hynix,0,0,HY5DU561622E(L)FP-D43,16,16,2,13,9,40000,70000000,55000,15000,1,15000,15000,2,10000,70000,7800000,,,,,200,3,0,0,0,0,0,0,1,1,1,1,1
Discrete,DDR,256Mb,x16,Hynix,0,0,HY5DU561622E(L)FP-H,16,16,2,13,9,45000,120000000,65000,20000,1,15000,20000,2,15000,75000,7800000,,,,,100,2,133,2.5,0,0,0,0,1,1,1,1,1
Discrete,DDR,256Mb,x16,Hynix,0,0,HY5DU561622E(L)FP-J,16,16,2,13,9,42000,70000000,60000,18000,1,15000,18000,2,12000,72000,7800000,,,,,133,2,166,2.5,0,0,0,0,1,1,1,1,1
Discrete,DDR,256Mb,x16,Hynix,0,0,HY5DU561622E(L)FP-K,16,16,2,13,9,45000,120000000,65000,20000,1,15000,20000,2,15000,75000,7800000,,,,,133,2,133,2.5,0,0,0,0,1,1,1,1,1
Discrete,DDR,256Mb,x16,Hynix,0,0,HY5DU561622E(L)FP-L,16,16,2,13,9,50000,120000000,70000,20000,1,15000,20000,2,15000,80000,7800000,,,,,100,2,0,0,0,0,0,0,1,1,1,1,1
Discrete,DDR,256Mb,x8,Hynix,0,0,HY5DU56822E(L)FP-D43,32,8,2,13,10,40000,70000000,55000,15000,1,15000,15000,2,10000,70000,7800000,,,,,200,3,0,0,0,0,0,0,1,1,1,1,1
Discrete,DDR,256Mb,x8,Hynix,0,0,HY5DU56822E(L)FP-H,32,8,2,13,10,45000,120000000,65000,20000,1,15000,20000,2,15000,75000,7800000,,,,,100,2,133,2.5,0,0,0,0,1,1,1,1,1
Discrete,DDR,256Mb,x8,Hynix,0,0,HY5DU56822E(L)FP-J,32,8,2,13,10,42000,70000000,60000,18000,1,15000,18000,2,12000,72000,7800000,,,,,133,2,166,2.5,0,0,0,0,1,1,1,1,1
Discrete,DDR,256Mb,x8,Hynix,0,0,HY5DU56822E(L)FP-K,32,8,2,13,10,45000,120000000,65000,20000,1,15000,20000,2,15000,75000,7800000,,,,,133,2,133,2.5,0,0,0,0,1,1,1,1,1
Discrete,DDR,256Mb,x8,Hynix,0,0,HY5DU56822E(L)FP-L,32,8,2,13,10,50000,120000000,70000,20000,1,15000,20000,2,15000,80000,7800000,,,,,100,2,0,0,0,0,0,0,1,1,1,1,1
Discrete,DDR,512Mb,x16,Hynix,0,0,HY5DU121622D(L)TP-D43,32,16,2,13,10,40000,70000000,55000,15000,1,15000,15000,2,10000,70000,7800000,,,,,200,3,0,0,0,0,0,0,1,1,1,1,1
Discrete,DDR,512Mb,x16,Hynix,0,0,HY5DU121622D(L)TP-J,32,16,2,13,10,42000,70000000,60000,18000,1,15000,18000,2,12000,72000,7800000,,,,,133,2,166,2.5,166,3,0,0,1,1,1,1,1
Discrete,DDR,512Mb,x16,Hynix,0,0,HY5DU121622D(L)TP-K,32,16,2,13,10,45000,120000000,65000,20000,1,15000,20000,2,15000,75000,7800000,,,,,133,2,133,2.5,0,0,0,0,1,1,1,1,1
Discrete,DDR,512Mb,x16,Hynix,0,0,HY5DU121622D(L)TP-H,32,16,2,13,10,45000,120000000,65000,20000,1,15000,20000,2,15000,75000,7800000,,,,,100,2,133,2.5,0,0,0,0,1,1,1,1,1
Discrete,DDR,512Mb,x16,Hynix,0,0,HY5DU121622D(L)TP-L,32,16,2,13,10,50000,120000000,70000,20000,1,15000,20000,2,15000,80000,7800000,,,,,100,2,0,0,0,0,0,0,1,1,1,1,1
Discrete,DDR,512Mb,x8,Hynix,0,0,HY5DU12822D(L)TP-D43,64,8,2,13,11,40000,70000000,55000,15000,1,15000,15000,2,10000,70000,7800000,,,,,200,3,0,0,0,0,0,0,1,1,1,1,1
Discrete,DDR,512Mb,x8,Hynix,0,0,HY5DU12822D(L)TP-J,64,8,2,13,11,42000,70000000,60000,18000,1,15000,18000,2,12000,72000,7800000,,,,,133,2,166,2.5,166,3,0,0,1,1,1,1,1
Discrete,DDR,512Mb,x8,Hynix,0,0,HY5DU12822D(L)TP-K,64,8,2,13,11,45000,120000000,65000,20000,1,15000,20000,2,15000,75000,7800000,,,,,133,2,133,2.5,0,0,0,0,1,1,1,1,1
Discrete,DDR,512Mb,x8,Hynix,0,0,HY5DU12822D(L)TP-H,64,8,2,13,11,45000,120000000,65000,20000,1,15000,20000,2,15000,75000,7800000,,,,,100,2,133,2.5,0,0,0,0,1,1,1,1,1
Discrete,DDR,512Mb,x8,Hynix,0,0,HY5DU12822D(L)TP-L,64,8,2,13,11,50000,120000000,70000,20000,1,15000,20000,2,15000,80000,7800000,,,,,100,2,0,0,0,0,0,0,1,1,1,1,1
Discrete,DDR2,512Mb,x16,Hynix,0,0,HY5PS121621AF-C3,32,16,2,13,10,45000,70000000,56250,11250,,15000,11250,2,10000,105000,7800000,0,2,7500,7500,266,3,0,0,0,0,0,0,1,1,1,1,1
Discrete,DDR2,512Mb,x16,Hynix,0,0,HY5PS121621AF-C4,32,16,2,13,10,45000,70000000,60000,15000,,15000,15000,2,10000,105000,7800000,0,2,7500,7500,266,4,0,0,0,0,0,0,1,1,1,1,1
Discrete,DDR2,512Mb,x16,Hynix,0,0,HY5PS121621AF-E3,32,16,2,13,10,40000,70000000,55000,15000,,15000,15000,2,10000,105000,7800000,0,2,10000,7500,200,3,0,0,0,0,0,0,1,1,1,1,1
Discrete,DDR2,512Mb,x16,Hynix,0,0,HY5PS121621AFP-C3,32,16,2,13,10,45000,70000000,56250,11250,,15000,11250,2,10000,105000,7800000,0,2,7500,7500,266,3,0,0,0,0,0,0,1,1,1,1,1
Discrete,DDR2,512Mb,x16,Hynix,0,0,HY5PS121621AFP-C4,32,16,2,13,10,45000,70000000,60000,15000,,15000,15000,2,10000,105000,7800000,0,2,7500,7500,266,4,0,0,0,0,0,0,1,1,1,1,1
Discrete,DDR2,512Mb,x16,Hynix,0,0,HY5PS121621AFP-E3,32,16,2,13,10,40000,70000000,55000,15000,,15000,15000,2,10000,105000,7800000,0,2,10000,7500,200,3,0,0,0,0,0,0,1,1,1,1,1
Discrete,DDR2,512Mb,x16,Hynix,0,0,HY5PS121621AFP-S5,32,16,2,13,10,45000,70000000,57250,12500,,15000,12500,2,10000,105000,7800000,0,2,7500,7500,400,5,0,0,0,0,0,0,1,1,1,1,1
Discrete,DDR2,512Mb,x16,Hynix,0,0,HY5PS121621AFP-S6,32,16,2,13,10,45000,70000000,60000,15000,,15000,15000,2,10000,105000,7800000,0,2,7500,7500,400,6,0,0,0,0,0,0,1,1,1,1,1
Discrete,DDR2,512Mb,x16,Hynix,0,0,HY5PS121621AFP-Y4,32,16,2,13,10,45000,70000000,57000,12000,,15000,12000,2,10000,105000,7800000,0,2,7500,7500,333,4,0,0,0,0,0,0,1,1,1,1,1
Discrete,DDR2,512Mb,x16,Hynix,0,0,HY5PS121621AFP-Y5,32,16,2,13,10,45000,70000000,60000,15000,,15000,15000,2,10000,105000,7800000,0,2,7500,7500,333,5,0,0,0,0,0,0,1,1,1,1,1
Discrete,DDR2,512Mb,x16,Hynix,0,0,HY5PS121621AF-S5,32,16,2,13,10,45000,70000000,57250,12500,,15000,12500,2,10000,105000,7800000,0,2,7500,7500,400,5,0,0,0,0,0,0,1,1,1,1,1
Discrete,DDR2,512Mb,x16,Hynix,0,0,HY5PS121621AF-S6,32,16,2,13,10,45000,70000000,60000,15000,,15000,15000,2,10000,105000,7800000,0,2,7500,7500,400,6,0,0,0,0,0,0,1,1,1,1,1
Discrete,DDR2,512Mb,x16,Hynix,0,0,HY5PS121621AF-Y4,32,16,2,13,10,45000,70000000,57000,12000,,15000,12000,2,10000,105000,7800000,0,2,7500,7500,333,4,0,0,0,0,0,0,1,1,1,1,1
Discrete,DDR2,512Mb,x16,Hynix,0,0,HY5PS121621AF-Y5,32,16,2,13,10,45000,70000000,60000,15000,,15000,15000,2,10000,105000,7800000,0,2,7500,7500,333,5,0,0,0,0,0,0,1,1,1,1,1
Discrete,DDR2,512Mb,x16,Hynix,0,0,HY5PS121621BFP-C4,32,16,2,13,10,45000,70000000,60000,15000,,15000,15000,2,10000,105000,7800000,0,2,7500,7500,266,4,0,0,0,0,0,0,1,1,1,1,1
Discrete,DDR2,512Mb,x16,Hynix,0,0,HY5PS121621BFP-E3,32,16,2,13,10,40000,70000000,55000,15000,,15000,15000,2,10000,105000,7800000,0,2,10000,7500,200,3,0,0,0,0,0,0,1,1,1,1,1
Discrete,DDR2,512Mb,x16,Hynix,0,0,HY5PS121621BFP-S6,32,16,2,13,10,45000,70000000,60000,15000,,15000,15000,2,10000,105000,7800000,0,2,7500,7500,400,6,0,0,0,0,0,0,1,1,1,1,1
Discrete,DDR2,512Mb,x16,Hynix,0,0,HY5PS121621BFP-Y5,32,16,2,13,10,45000,70000000,60000,15000,,15000,15000,2,10000,105000,7800000,0,2,7500,7500,333,5,0,0,0,0,0,0,1,1,1,1,1
Discrete,DDR2,512Mb,x16,Hynix,0,0,HY5PS121621F-C4,32,16,2,13,10,45000,70000000,60000,15000,,15000,15000,2,10000,105000,7800000,0,2,7500,7500,266,4,0,0,0,0,0,0,1,1,1,1,1
Discrete,DDR2,512Mb,x16,Hynix,0,0,HY5PS121621F-C5,32,16,2,13,10,45000,70000000,60000,15000,,15000,15000,2,10000,105000,7800000,0,2,7500,7500,266,5,0,0,0,0,0,0,1,1,1,1,1
Discrete,DDR2,512Mb,x16,Hynix,0,0,HY5PS121621F-E3,32,16,2,13,10,40000,70000000,55000,15000,,15000,15000,2,10000,105000,7800000,0,2,10000,7500,200,3,0,0,0,0,0,0,1,1,1,1,1
Discrete,DDR2,512Mb,x16,Hynix,0,0,HY5PS121621F-E4,32,16,2,13,10,40000,70000000,55000,15000,,15000,15000,2,10000,105000,7800000,0,2,10000,7500,200,4,0,0,0,0,0,0,1,1,1,1,1
Discrete,DDR2,512Mb,x16,Hynix,0,0,HY5PS121621FP-C4,32,16,2,13,10,45000,70000000,60000,15000,,15000,15000,2,10000,105000,7800000,0,2,7500,7500,266,4,0,0,0,0,0,0,1,1,1,1,1
Discrete,DDR2,512Mb,x16,Hynix,0,0,HY5PS121621FP-C5,32,16,2,13,10,45000,70000000,60000,15000,,15000,15000,2,10000,105000,7800000,0,2,7500,7500,266,5,0,0,0,0,0,0,1,1,1,1,1
Discrete,DDR2,512Mb,x16,Hynix,0,0,HY5PS121621FP-E3,32,16,2,13,10,40000,70000000,55000,15000,,15000,15000,2,10000,105000,7800000,0,2,10000,7500,200,3,0,0,0,0,0,0,1,1,1,1,1
Discrete,DDR2,512Mb,x16,Hynix,0,0,HY5PS121621FP-E4,32,16,2,13,10,40000,70000000,55000,15000,,15000,15000,2,10000,105000,7800000,0,2,10000,7500,200,4,0,0,0,0,0,0,1,1,1,1,1
Discrete,DDR2,512Mb,x16,Hynix,0,0,HY5PS121621FP-Y5,32,16,2,13,10,45000,70000000,60000,15000,,15000,15000,2,10000,105000,7800000,0,2,7500,7500,333,5,0,0,0,0,0,0,1,1,1,1,1
Discrete,DDR2,512Mb,x16,Hynix,0,0,HY5PS121621FP-Y6,32,16,2,13,10,45000,70000000,60000,15000,,15000,15000,2,10000,105000,7800000,0,2,7500,7500,333,6,0,0,0,0,0,0,1,1,1,1,1
Discrete,DDR2,512Mb,x16,Hynix,0,0,HY5PS121621F-Y5,32,16,2,13,10,45000,70000000,60000,15000,,15000,15000,2,10000,105000,7800000,0,2,7500,7500,333,5,0,0,0,0,0,0,1,1,1,1,1
Discrete,DDR2,512Mb,x16,Hynix,0,0,HY5PS121621F-Y6,32,16,2,13,10,45000,70000000,60000,15000,,15000,15000,2,10000,105000,7800000,0,2,7500,7500,333,6,0,0,0,0,0,0,1,1,1,1,1
Discrete,DDR2,512Mb,x8,Hynix,0,0,HY5PS12821AF-C3,64,8,2,14,10,45000,70000000,56250,11250,,15000,11250,2,7500,105000,7800000,0,2,7500,7500,266,3,0,0,0,0,0,0,1,1,1,1,1
Discrete,DDR2,512Mb,x8,Hynix,0,0,HY5PS12821AF-C4,64,8,2,14,10,45000,70000000,60000,15000,,15000,15000,2,7500,105000,7800000,0,2,7500,7500,266,4,0,0,0,0,0,0,1,1,1,1,1
Discrete,DDR2,512Mb,x8,Hynix,0,0,HY5PS12821AF-E3,64,8,2,14,10,40000,70000000,55000,15000,,15000,15000,2,7500,105000,7800000,0,2,10000,7500,200,3,0,0,0,0,0,0,1,1,1,1,1
Discrete,DDR2,512Mb,x8,Hynix,0,0,HY5PS12821AFP-C3,64,8,2,14,10,45000,70000000,56250,11250,,15000,11250,2,7500,105000,7800000,0,2,7500,7500,266,3,0,0,0,0,0,0,1,1,1,1,1
Discrete,DDR2,512Mb,x8,Hynix,0,0,HY5PS12821AFP-C4,64,8,2,14,10,45000,70000000,60000,15000,,15000,15000,2,7500,105000,7800000,0,2,7500,7500,266,4,0,0,0,0,0,0,1,1,1,1,1
Discrete,DDR2,512Mb,x8,Hynix,0,0,HY5PS12821AFP-E3,64,8,2,14,10,45000,70000000,55000,15000,,15000,15000,2,7500,105000,7800000,0,2,10000,7500,200,3,0,0,0,0,0,0,1,1,1,1,1
Discrete,DDR2,512Mb,x8,Hynix,0,0,HY5PS12821AFP-S5,64,8,2,14,10,40000,70000000,57250,12500,,15000,12500,2,7500,105000,7800000,0,2,7500,7500,400,5,0,0,0,0,0,0,1,1,1,1,1
Discrete,DDR2,512Mb,x8,Hynix,0,0,HY5PS12821AFP-S6,64,8,2,14,10,45000,70000000,60000,15000,,15000,15000,2,7500,105000,7800000,0,2,7500,7500,400,6,0,0,0,0,0,0,1,1,1,1,1
Discrete,DDR2,512Mb,x8,Hynix,0,0,HY5PS12821AFP-Y4,64,8,2,14,10,45000,70000000,57000,12000,,15000,12000,2,7500,105000,7800000,0,2,7500,7500,333,4,0,0,0,0,0,0,1,1,1,1,1
Discrete,DDR2,512Mb,x8,Hynix,0,0,HY5PS12821AFP-Y5,64,8,2,14,10,45000,70000000,60000,15000,,15000,15000,2,7500,105000,7800000,0,2,7500,7500,333,5,0,0,0,0,0,0,1,1,1,1,1
Discrete,DDR2,512Mb,x8,Hynix,0,0,HY5PS12821AF-S5,64,8,2,14,10,45000,70000000,57250,12500,,15000,12500,2,7500,105000,7800000,0,2,7500,7500,400,5,0,0,0,0,0,0,1,1,1,1,1
Discrete,DDR2,512Mb,x8,Hynix,0,0,HY5PS12821AF-S6,64,8,2,14,10,45000,70000000,60000,15000,,15000,15000,2,7500,105000,7800000,0,2,7500,7500,400,6,0,0,0,0,0,0,1,1,1,1,1
Discrete,DDR2,512Mb,x8,Hynix,0,0,HY5PS12821AF-Y4,64,8,2,14,10,45000,70000000,57000,12000,,15000,12000,2,7500,105000,7800000,0,2,7500,7500,333,4,0,0,0,0,0,0,1,1,1,1,1
Discrete,DDR2,512Mb,x8,Hynix,0,0,HY5PS12821AF-Y5,64,8,2,14,10,45000,70000000,60000,15000,,15000,15000,2,7500,105000,7800000,0,2,7500,7500,333,5,0,0,0,0,0,0,1,1,1,1,1
Discrete,DDR2,512Mb,x8,Hynix,0,0,HY5PS12821BFP-C4,64,8,2,14,10,45000,70000000,60000,15000,,15000,15000,2,7500,105000,7800000,0,2,7500,7500,266,4,0,0,0,0,0,0,1,1,1,1,1
Discrete,DDR2,512Mb,x8,Hynix,0,0,HY5PS12821BFP-E3,64,8,2,14,10,40000,70000000,55000,15000,,15000,15000,2,7500,105000,7800000,0,2,10000,7500,200,3,0,0,0,0,0,0,1,1,1,1,1
Discrete,DDR2,512Mb,x8,Hynix,0,0,HY5PS12821BFP-S6,64,8,2,14,10,45000,70000000,60000,15000,,15000,15000,2,7500,105000,7800000,0,2,7500,7500,400,6,0,0,0,0,0,0,1,1,1,1,1
Discrete,DDR2,512Mb,x8,Hynix,0,0,HY5PS12821BFP-Y5,64,8,2,14,10,45000,70000000,60000,15000,,15000,15000,2,7500,105000,7800000,0,2,7500,7500,333,5,0,0,0,0,0,0,1,1,1,1,1
Discrete,DDR2,512Mb,x8,Hynix,0,0,HY5PS12821F-C4,64,8,2,14,10,45000,70000000,60000,15000,,15000,15000,2,7500,105000,7800000,0,2,7500,7500,266,4,0,0,0,0,0,0,1,1,1,1,1
Discrete,DDR2,512Mb,x8,Hynix,0,0,HY5PS12821F-C5,64,8,2,14,10,45000,70000000,60000,15000,,15000,15000,2,7500,105000,7800000,0,2,7500,7500,266,5,0,0,0,0,0,0,1,1,1,1,1
Discrete,DDR2,512Mb,x8,Hynix,0,0,HY5PS12821F-E3,64,8,2,14,10,40000,70000000,55000,15000,,15000,15000,2,7500,105000,7800000,0,2,10000,7500,200,3,0,0,0,0,0,0,1,1,1,1,1
Discrete,DDR2,512Mb,x8,Hynix,0,0,HY5PS12821F-E4,64,8,2,14,10,40000,70000000,55000,15000,,15000,15000,2,7500,105000,7800000,0,2,10000,7500,200,4,0,0,0,0,0,0,1,1,1,1,1
Discrete,DDR2,512Mb,x8,Hynix,0,0,HY5PS12821FP-C4,64,8,2,14,10,45000,70000000,60000,15000,,15000,15000,2,7500,105000,7800000,0,2,7500,7500,266,4,0,0,0,0,0,0,1,1,1,1,1
Discrete,DDR2,512Mb,x8,Hynix,0,0,HY5PS12821FP-C5,64,8,2,14,10,45000,70000000,60000,15000,,15000,15000,2,7500,105000,7800000,0,2,7500,7500,266,5,0,0,0,0,0,0,1,1,1,1,1
Discrete,DDR2,512Mb,x8,Hynix,0,0,HY5PS12821FP-E3,64,8,2,14,10,40000,70000000,55000,15000,,15000,15000,2,7500,105000,7800000,0,2,10000,7500,200,3,0,0,0,0,0,0,1,1,1,1,1
Discrete,DDR2,512Mb,x8,Hynix,0,0,HY5PS12821FP-E4,64,8,2,14,10,40000,70000000,55000,15000,,15000,15000,2,7500,105000,7800000,0,2,10000,7500,200,4,0,0,0,0,0,0,1,1,1,1,1
Discrete,DDR2,512Mb,x8,Hynix,0,0,HY5PS12821FP-Y5,64,8,2,14,10,45000,70000000,60000,15000,,15000,15000,2,7500,105000,7800000,0,2,7500,7500,333,5,0,0,0,0,0,0,1,1,1,1,1
Discrete,DDR2,512Mb,x8,Hynix,0,0,HY5PS12821FP-Y6,64,8,2,14,10,45000,70000000,60000,15000,,15000,15000,2,7500,105000,7800000,0,2,7500,7500,333,6,0,0,0,0,0,0,1,1,1,1,1
Discrete,DDR2,512Mb,x8,Hynix,0,0,HY5PS12821F-Y5,64,8,2,14,10,45000,70000000,60000,15000,,15000,15000,2,7500,105000,7800000,0,2,7500,7500,333,5,0,0,0,0,0,0,1,1,1,1,1
Discrete,DDR2,512Mb,x8,Hynix,0,0,HY5PS12821F-Y6,64,8,2,14,10,45000,70000000,60000,15000,,15000,15000,2,7500,105000,7800000,0,2,7500,7500,333,6,0,0,0,0,0,0,1,1,1,1,1
Discrete,DDR2,1Gb,x16,Hynix,0,0,HY5PS1G1631AFP-C4,64,16,3,13,10,45000,70000000,56250,11250,,15000,11250,2,7500,127500,7800000,0,2,7500,7500,266,4,0,0,0,0,0,0,1,1,1,1,1
Discrete,DDR2,1Gb,x16,Hynix,0,0,HY5PS1G1631AFP-E3,64,16,3,13,10,40000,70000000,55000,15000,,15000,15000,2,7500,127500,7800000,0,2,10000,7500,200,3,0,0,0,0,0,0,1,1,1,1,1
Discrete,DDR2,1Gb,x16,Hynix,0,0,HY5PS1G1631AFP-Y5,64,16,3,13,10,45000,70000000,57000,12000,,15000,12000,2,7500,127500,7800000,0,2,7500,7500,333,5,0,0,0,0,0,0,1,1,1,1,1
Discrete,DDR2,1Gb,x8,Hynix,0,0,HY5PS1G821M-C4,128,8,3,14,10,45000,70000000,60000,15000,,15000,15000,2,7500,105000,7800000,0,2,2000,7500,266,4,0,0,0,0,0,0,1,1,1,1,1
Discrete,DDR2,1Gb,x8,Hynix,0,0,HY5PS1G821M-E3,128,8,3,14,10,40000,70000000,55000,15000,,15000,15000,2,7500,105000,7800000,0,2,2000,7500,200,3,0,0,0,0,0,0,1,1,1,1,1
Discrete,DDR2,1Gb,x8,Hynix,0,0,HY5PS1G831AFP-C4,128,8,3,14,10,45000,70000000,56250,11250,,15000,11250,2,7500,127500,7800000,0,2,7500,7500,266,4,0,0,0,0,0,0,1,1,1,1,1
Discrete,DDR2,1Gb,x8,Hynix,0,0,HY5PS1G831AFP-E3,128,8,3,14,10,40000,70000000,55000,15000,,15000,15000,2,7500,127500,7800000,0,2,10000,7500,200,3,0,0,0,0,0,0,1,1,1,1,1
Discrete,DDR2,1Gb,x8,Hynix,0,0,HY5PS1G831AFP-Y5,128,8,3,14,10,45000,70000000,57000,12000,,15000,12000,2,7500,127500,7800000,0,2,7500,7500,333,5,0,0,0,0,0,0,1,1,1,1,1
Discrete,DDR2,1Gb,x8,Hynix,0,0,HY5PS1G831F-C4,128,8,3,14,10,45000,70000000,60000,15000,,15000,15000,2,7500,127500,7800000,0,2,7500,7500,266,4,0,0,0,0,0,0,1,1,1,1,1
Discrete,DDR2,1Gb,x8,Hynix,0,0,HY5PS1G831F-C5,128,8,3,14,10,45000,70000000,60000,15000,,15000,15000,2,7500,127500,7800000,0,2,7500,7500,266,5,0,0,0,0,0,0,1,1,1,1,1
Discrete,DDR2,1Gb,x8,Hynix,0,0,HY5PS1G831F-E3,128,8,3,14,10,40000,70000000,55000,15000,,15000,15000,2,7500,127500,7800000,0,2,10000,7500,200,3,0,0,0,0,0,0,1,1,1,1,1
Discrete,DDR2,1Gb,x8,Hynix,0,0,HY5PS1G831F-E4,128,8,3,14,10,40000,70000000,55000,15000,,15000,15000,2,7500,127500,7800000,0,2,10000,7500,200,4,0,0,0,0,0,0,1,1,1,1,1
Discrete,DDR2,1Gb,x8,Hynix,0,0,HY5PS1G831F-Y5,128,8,3,14,10,45000,70000000,60000,15000,,15000,15000,2,7500,127500,7800000,0,2,7500,7500,333,5,0,0,0,0,0,0,1,1,1,1,1
Discrete,DDR2,1Gb,x8,Hynix,0,0,HY5PS1G831F-Y6,128,8,3,14,10,45000,70000000,60000,15000,,15000,15000,2,7500,127500,7800000,0,2,7500,7500,333,6,0,0,0,0,0,0,1,1,1,1,1
Discrete,DDR2,256Mb,x16,Hynix,0,0,HY5PS561621AFP-C4,16,16,2,13,9,45000,70000000,60000,15000,,15000,15000,2,10000,75000,7800000,0,2,7500,7500,266,4,0,0,0,0,0,0,1,1,1,1,1
Discrete,DDR2,256Mb,x16,Hynix,0,0,HY5PS561621AFP-E3,16,16,2,13,9,45000,70000000,55000,15000,,15000,15000,2,10000,75000,7800000,0,2,10000,7500,200,3,0,0,0,0,0,0,1,1,1,1,1
Discrete,DDR2,256Mb,x16,Hynix,0,0,HY5PS561621AFP-S5,16,16,2,13,9,45000,70000000,57250,12500,,15000,12500,2,10000,75000,7800000,0,2,7500,7500,400,5,0,0,0,0,0,0,1,1,1,1,1
Discrete,DDR2,256Mb,x16,Hynix,0,0,HY5PS561621AFP-Y5,16,16,2,13,9,45000,70000000,60000,15000,,15000,15000,2,10000,75000,7800000,0,2,7500,7500,333,5,0,0,0,0,0,0,1,1,1,1,1
Discrete,DDR2,1Gb,x16,Infineon,1,0,HYB18T1G160AF-3_7,64,16,3,13,10,45000,70000000,60000,15000,,15000,15000,2,10000,127500,7800000,0,2,7500,7500,200,3,266,4,266,5,0,0,1,1,1,1,1
Discrete,DDR2,1Gb,x16,Infineon,1,0,HYB18T1G160AF-3S,64,16,3,13,10,45000,70000000,60000,15000,,15000,15000,2,10000,127500,7800000,0,2,7500,7500,200,3,266,4,333,5,0,0,1,1,1,1,1
Discrete,DDR2,1Gb,x16,Infineon,1,0,HYB18T1G160AF-5,64,16,3,13,10,40000,70000000,55000,15000,,15000,15000,2,10000,127500,7800000,0,2,10000,7500,200,3,200,4,200,5,0,0,1,1,1,1,1
Discrete,DDR2,1Gb,x8,Infineon,1,0,HYB18T1G800AF-3_7,128,8,3,14,10,45000,70000000,60000,15000,,15000,15000,2,7500,127500,7800000,0,2,7500,7500,200,3,266,4,266,5,0,0,1,1,1,1,1
Discrete,DDR2,1Gb,x8,Infineon,1,0,HYB18T1G800AF-3S,128,8,3,14,10,45000,70000000,60000,15000,,15000,15000,2,7500,127500,7800000,0,2,7500,7500,200,3,266,4,333,5,0,0,1,1,1,1,1
Discrete,DDR2,1Gb,x8,Infineon,1,0,HYB18T1G800AF-5,128,8,3,14,10,40000,70000000,55000,15000,,15000,15000,2,7500,127500,7800000,0,2,10000,7500,200,3,200,4,200,5,0,0,1,1,1,1,1
Discrete,DDR2,256Mb,x16,Infineon,1,0,HYB18T256160AF-2_5,16,16,2,13,9,45000,70000000,60000,15000,,15000,15000,2,10000,75000,7800000,0,2,7500,7500,200,3,266,4,333,5,400,6,1,1,1,1,1
Discrete,DDR2,256Mb,x16,Infineon,1,0,HYB18T256160AF-3_7,16,16,2,13,9,45000,70000000,60000,15000,,15000,15000,2,10000,75000,7800000,0,2,7500,7500,200,3,266,4,266,5,0,0,1,1,1,1,1
Discrete,DDR2,256Mb,x16,Infineon,1,0,HYB18T256160AF-3S,16,16,2,13,9,45000,70000000,60000,15000,,15000,15000,2,10000,75000,7800000,0,2,7500,7500,200,3,266,4,333,5,0,0,1,1,1,1,1
Discrete,DDR2,256Mb,x16,Infineon,1,0,HYB18T256160AF-5,16,16,2,13,9,40000,70000000,55000,15000,,15000,15000,2,10000,75000,7800000,0,2,7500,7500,200,3,200,4,200,5,0,0,1,1,1,1,1
Discrete,DDR2,256Mb,x8,Infineon,1,0,HYB18T256800AF-2_5,32,8,2,13,10,45000,70000000,60000,15000,,15000,15000,2,7500,75000,7800000,0,2,7500,7500,200,3,266,4,333,5,400,6,1,1,1,1,1
Discrete,DDR2,256Mb,x8,Infineon,1,0,HYB18T256800AF-3,32,8,2,13,10,45000,70000000,57500,12000,,15000,12000,2,7500,75000,7800000,0,2,7500,7500,200,3,333,4,333,5,0,0,1,1,1,1,1
Discrete,DDR2,256Mb,x8,Infineon,1,0,HYB18T256800AF-3_7,32,8,2,13,10,45000,70000000,60000,15000,,15000,15000,2,7500,75000,7800000,0,2,7500,7500,200,3,266,4,266,5,0,0,1,1,1,1,1
Discrete,DDR2,256Mb,x8,Infineon,1,0,HYB18T256800AF-3S,32,8,2,13,10,45000,70000000,60000,15000,,15000,15000,2,7500,75000,7800000,0,2,7500,7500,200,3,266,4,333,5,0,0,1,1,1,1,1
Discrete,DDR2,256Mb,x8,Infineon,1,0,HYB18T256800AF-5,32,8,2,13,10,40000,70000000,55000,15000,,15000,15000,2,7500,75000,7800000,0,2,7500,7500,200,3,200,4,200,5,0,0,1,1,1,1,1
Discrete,DDR2,512Mb,x16,Infineon,1,0,HYB18T512160BF-2_5,32,16,2,13,10,45000,70000000,60000,15000,,15000,15000,2,10000,105000,7800000,0,2,7500,7500,200,3,266,4,333,5,400,6,1,1,1,1,1
Discrete,DDR2,512Mb,x16,Infineon,1,0,HYB18T512160BF-3,32,16,2,13,10,45000,70000000,57000,12000,,15000,12000,2,10000,105000,7800000,0,2,7500,7500,200,3,333,4,333,5,0,0,1,1,1,1,1
Discrete,DDR2,512Mb,x16,Infineon,1,0,HYB18T512160BF-3_7,32,16,2,13,10,45000,70000000,60000,15000,,15000,15000,2,10000,105000,7800000,0,2,7500,7500,200,3,266,4,266,5,0,0,1,1,1,1,1
Discrete,DDR2,512Mb,x16,Infineon,1,0,HYB18T512160BF-3S,32,16,2,13,10,45000,70000000,60000,15000,,15000,15000,2,10000,105000,7800000,0,2,7500,7500,200,3,266,4,333,5,0,0,1,1,1,1,1
Discrete,DDR2,512Mb,x16,Infineon,1,0,HYB18T512160BF-5,32,16,2,13,10,40000,70000000,55000,15000,,15000,15000,2,10000,105000,7800000,0,2,10000,7500,200,3,200,4,200,5,0,0,1,1,1,1,1
Discrete,DDR2,512Mb,x8,Infineon,1,0,HYB18T512800BF-2_5,64,8,2,14,10,45000,70000000,60000,15000,,15000,15000,2,7500,105000,7800000,0,2,7500,7500,200,3,266,4,333,5,400,6,1,1,1,1,1
Discrete,DDR2,512Mb,x8,Infineon,1,0,HYB18T512800BF-3,64,8,2,14,10,45000,70000000,57000,12000,,15000,12000,2,7500,105000,7800000,0,2,7500,7500,200,3,333,4,333,5,0,0,1,1,1,1,1
Discrete,DDR2,512Mb,x8,Infineon,1,0,HYB18T512800BF-3_7,64,8,2,14,10,45000,70000000,60000,15000,,15000,15000,2,7500,105000,7800000,0,2,7500,7500,200,3,266,4,266,5,0,0,1,1,1,1,1
Discrete,DDR2,512Mb,x8,Infineon,1,0,HYB18T512800BF-3S,64,8,2,14,10,45000,70000000,60000,15000,,15000,15000,2,7500,105000,7800000,0,2,7500,7500,200,3,266,4,333,5,0,0,1,1,1,1,1
Discrete,DDR2,512Mb,x8,Infineon,1,0,HYB18T512800BF-5,64,8,2,14,10,40000,70000000,55000,15000,,15000,15000,2,7500,105000,7800000,0,2,10000,7500,200,3,200,4,200,5,0,0,1,1,1,1,1
Discrete,DDR,256Mb,x16,Infineon,0,0,HYB25D256160BC-6,16,16,2,13,9,42000,70000000,60000,18000,1,15000,18000,2,12000,72000,7800000,,,,,133,2,166,2.5,0,0,0,0,1,1,1,1,1
Discrete,DDR,256Mb,x16,Infineon,0,0,HYB25D256160BC-7,16,16,2,13,9,45000,120000000,65000,20000,1,15000,20000,2,15000,75000,7800000,,,,,133,2,143,2.5,0,0,0,0,1,1,1,1,1
Discrete,DDR,256Mb,x16,Infineon,0,0,HYB25D256160BC-7F,16,16,2,13,9,45000,120000000,60000,15000,1,15000,15000,2,15000,75000,7800000,,,,,133,2,143,2.5,0,0,0,0,1,1,1,1,1
Discrete,DDR,256Mb,x16,Infineon,0,0,HYB25D256160BC-8,16,16,2,13,9,50000,120000000,70000,20000,1,15000,20000,2,15000,80000,7800000,,,,,100,2,125,2.5,0,0,0,0,1,1,1,1,1
Discrete,DDR,256Mb,x16,Infineon,0,0,HYB25D256160BCL-6,16,16,2,13,9,42000,70000000,60000,18000,1,15000,18000,2,12000,72000,7800000,,,,,133,2,166,2.5,0,0,0,0,1,1,1,1,1
Discrete,DDR,256Mb,x16,Infineon,0,0,HYB25D256160BCL-7,16,16,2,13,9,45000,120000000,65000,20000,1,15000,20000,2,15000,75000,7800000,,,,,133,2,143,2.5,0,0,0,0,1,1,1,1,1
Discrete,DDR,256Mb,x16,Infineon,0,0,HYB25D256160BCL-7F,16,16,2,13,9,45000,120000000,60000,15000,1,15000,15000,2,15000,75000,7800000,,,,,133,2,143,2.5,0,0,0,0,1,1,1,1,1
Discrete,DDR,256Mb,x16,Infineon,0,0,HYB25D256160BCL-8,16,16,2,13,9,50000,120000000,70000,20000,1,15000,20000,2,15000,80000,7800000,,,,,100,2,125,2.5,0,0,0,0,1,1,1,1,1
Discrete,DDR,256Mb,x16,Infineon,0,0,HYB25D256160BT-6,16,16,2,13,9,42000,70000000,60000,18000,1,15000,18000,2,12000,72000,7800000,,,,,133,2,166,2.5,0,0,0,0,1,1,1,1,1
Discrete,DDR,256Mb,x16,Infineon,0,0,HYB25D256160BT-7,16,16,2,13,9,45000,120000000,65000,20000,1,15000,20000,2,15000,75000,7800000,,,,,133,2,143,2.5,0,0,0,0,1,1,1,1,1
Discrete,DDR,256Mb,x16,Infineon,0,0,HYB25D256160BT-7F,16,16,2,13,9,45000,120000000,60000,15000,1,15000,15000,2,15000,75000,7800000,,,,,133,2,143,2.5,0,0,0,0,1,1,1,1,1
Discrete,DDR,256Mb,x16,Infineon,0,0,HYB25D256160BT-8,16,16,2,13,9,50000,120000000,70000,20000,1,15000,20000,2,15000,80000,7800000,,,,,100,2,125,2.5,0,0,0,0,1,1,1,1,1
Discrete,DDR,256Mb,x16,Infineon,0,0,HYB25D256160BTL-6,16,16,2,13,9,42000,70000000,60000,18000,1,15000,18000,2,12000,72000,7800000,,,,,133,2,166,2.5,0,0,0,0,1,1,1,1,1
Discrete,DDR,256Mb,x16,Infineon,0,0,HYB25D256160BTL-7,16,16,2,13,9,45000,120000000,65000,20000,1,15000,20000,2,15000,75000,7800000,,,,,133,2,143,2.5,0,0,0,0,1,1,1,1,1
Discrete,DDR,256Mb,x16,Infineon,0,0,HYB25D256160BTL-7F,16,16,2,13,9,45000,120000000,60000,15000,1,15000,15000,2,15000,75000,7800000,,,,,133,2,143,2.5,0,0,0,0,1,1,1,1,1
Discrete,DDR,256Mb,x16,Infineon,0,0,HYB25D256160BTL-8,16,16,2,13,9,50000,120000000,70000,20000,1,15000,20000,2,15000,80000,7800000,,,,,100,2,125,2.5,0,0,0,0,1,1,1,1,1
Discrete,DDR,256Mb,x8,Infineon,0,0,HYB25D256800BC-6,32,8,2,13,10,42000,70000000,60000,18000,1,15000,18000,2,12000,72000,7800000,,,,,133,2,166,2.5,0,0,0,0,1,1,1,1,1
Discrete,DDR,256Mb,x8,Infineon,0,0,HYB25D256800BC-7,32,8,2,13,10,45000,120000000,65000,20000,1,15000,20000,2,15000,75000,7800000,,,,,133,2,143,2.5,0,0,0,0,1,1,1,1,1
Discrete,DDR,256Mb,x8,Infineon,0,0,HYB25D256800BC-7F,32,8,2,13,10,45000,120000000,60000,15000,1,15000,15000,2,15000,75000,7800000,,,,,133,2,143,2.5,0,0,0,0,1,1,1,1,1
Discrete,DDR,256Mb,x8,Infineon,0,0,HYB25D256800BC-8,32,8,2,13,10,50000,120000000,70000,20000,1,15000,20000,2,15000,80000,7800000,,,,,100,2,125,2.5,0,0,0,0,1,1,1,1,1
Discrete,DDR,256Mb,x8,Infineon,0,0,HYB25D256800BCL-6,32,8,2,13,10,42000,70000000,60000,18000,1,15000,18000,2,12000,72000,7800000,,,,,133,2,166,2.5,0,0,0,0,1,1,1,1,1
Discrete,DDR,256Mb,x8,Infineon,0,0,HYB25D256800BCL-7,32,8,2,13,10,45000,120000000,65000,20000,1,15000,20000,2,15000,75000,7800000,,,,,133,2,143,2.5,0,0,0,0,1,1,1,1,1
Discrete,DDR,256Mb,x8,Infineon,0,0,HYB25D256800BCL-7F,32,8,2,13,10,45000,120000000,60000,15000,1,15000,15000,2,15000,75000,7800000,,,,,133,2,143,2.5,0,0,0,0,1,1,1,1,1
Discrete,DDR,256Mb,x8,Infineon,0,0,HYB25D256800BCL-8,32,8,2,13,10,50000,120000000,70000,20000,1,15000,20000,2,15000,80000,7800000,,,,,100,2,125,2.5,0,0,0,0,1,1,1,1,1
Discrete,DDR,256Mb,x8,Infineon,0,0,HYB25D256800BT-6,32,8,2,13,10,42000,70000000,60000,18000,1,15000,18000,2,12000,72000,7800000,,,,,133,2,166,2.5,0,0,0,0,1,1,1,1,1
Discrete,DDR,256Mb,x8,Infineon,0,0,HYB25D256800BT-7,32,8,2,13,10,45000,120000000,65000,20000,1,15000,20000,2,15000,75000,7800000,,,,,133,2,143,2.5,0,0,0,0,1,1,1,1,1
Discrete,DDR,256Mb,x8,Infineon,0,0,HYB25D256800BT-7F,32,8,2,13,10,45000,120000000,60000,15000,1,15000,15000,2,15000,75000,7800000,,,,,133,2,143,2.5,0,0,0,0,1,1,1,1,1
Discrete,DDR,256Mb,x8,Infineon,0,0,HYB25D256800BT-8,32,8,2,13,10,50000,120000000,70000,20000,1,15000,20000,2,15000,80000,7800000,,,,,100,2,125,2.5,0,0,0,0,1,1,1,1,1
Discrete,DDR,256Mb,x8,Infineon,0,0,HYB25D256800BTL-6,32,8,2,13,10,42000,70000000,60000,18000,1,15000,18000,2,12000,72000,7800000,,,,,133,2,166,2.5,0,0,0,0,1,1,1,1,1
Discrete,DDR,256Mb,x8,Infineon,0,0,HYB25D256800BTL-7,32,8,2,13,10,45000,120000000,65000,20000,1,15000,20000,2,15000,75000,7800000,,,,,133,2,143,2.5,0,0,0,0,1,1,1,1,1
Discrete,DDR,256Mb,x8,Infineon,0,0,HYB25D256800BTL-7F,32,8,2,13,10,45000,120000000,60000,15000,1,15000,15000,2,15000,75000,7800000,,,,,133,2,143,2.5,0,0,0,0,1,1,1,1,1
Discrete,DDR,256Mb,x8,Infineon,0,0,HYB25D256800BTL-8,32,8,2,13,10,50000,120000000,70000,20000,1,15000,20000,2,15000,80000,7800000,,,,,100,2,125,2.5,0,0,0,0,1,1,1,1,1
Discrete,DDR,512Mb,x16,Infineon,0,0,HYB25D512160BC-5,32,16,2,13,10,40000,70000000,55000,15000,1,15000,15000,2,10000,70000,7800000,,,,,133,2,166,2.5,200,3,0,0,1,1,1,1,1
Discrete,DDR,512Mb,x16,Infineon,0,0,HYB25D512160BC-6,32,16,2,13,10,42000,70000000,60000,18000,1,15000,18000,2,12000,72000,7800000,,,,,133,2,166,2.5,200,3,0,0,1,1,1,1,1
Discrete,DDR,512Mb,x16,Infineon,0,0,HYB25D512160BE-5,32,16,2,13,10,40000,70000000,55000,15000,1,15000,15000,2,10000,70000,7800000,,,,,133,2,166,2.5,200,3,0,0,1,1,1,1,1
Discrete,DDR,512Mb,x16,Infineon,0,0,HYB25D512160BE-6,32,16,2,13,10,42000,70000000,60000,18000,1,15000,18000,2,12000,72000,7800000,,,,,133,2,166,2.5,200,3,0,0,1,1,1,1,1
Discrete,DDR,512Mb,x16,Infineon,0,0,HYB25D512160BEL-6,32,16,2,13,10,42000,70000000,60000,18000,1,15000,18000,2,12000,72000,7800000,,,,,133,2,166,2.5,200,3,0,0,1,1,1,1,1
Discrete,DDR,512Mb,x16,Infineon,0,0,HYB25D512160BF-5,32,16,2,13,10,40000,70000000,55000,15000,1,15000,15000,2,10000,70000,7800000,,,,,133,2,166,2.5,200,3,0,0,1,1,1,1,1
Discrete,DDR,512Mb,x16,Infineon,0,0,HYB25D512160BF-6,32,16,2,13,10,42000,70000000,60000,18000,1,15000,18000,2,12000,72000,7800000,,,,,133,2,166,2.5,200,3,0,0,1,1,1,1,1
Discrete,DDR,512Mb,x16,Infineon,0,0,HYB25D512160BT-5,32,16,2,13,10,40000,70000000,55000,15000,1,15000,15000,2,10000,70000,7800000,,,,,133,2,166,2.5,200,3,0,0,1,1,1,1,1
Discrete,DDR,512Mb,x16,Infineon,0,0,HYB25D512160BT-6,32,16,2,13,10,42000,70000000,60000,18000,1,15000,18000,2,12000,72000,7800000,,,,,133,2,166,2.5,200,3,0,0,1,1,1,1,1
Discrete,DDR,512Mb,x16,Infineon,0,0,HYB25D512160BTL-6,32,16,2,13,10,42000,70000000,60000,18000,1,15000,18000,2,12000,72000,7800000,,,,,133,2,166,2.5,200,3,0,0,1,1,1,1,1
Discrete,DDR,512Mb,x8,Infineon,0,0,HYB25D512800BC-5,64,8,2,13,11,40000,70000000,55000,15000,1,15000,15000,2,10000,70000,7800000,,,,,133,2,166,2.5,200,3,0,0,1,1,1,1,1
Discrete,DDR,512Mb,x8,Infineon,0,0,HYB25D512800BC-6,64,8,2,13,11,42000,70000000,60000,18000,1,15000,18000,2,12000,72000,7800000,,,,,133,2,166,2.5,200,3,0,0,1,1,1,1,1
Discrete,DDR,512Mb,x8,Infineon,0,0,HYB25D512800BE-5,64,8,2,13,11,40000,70000000,55000,15000,1,15000,15000,2,10000,70000,7800000,,,,,133,2,166,2.5,200,3,0,0,1,1,1,1,1
Discrete,DDR,512Mb,x8,Infineon,0,0,HYB25D512800BE-6,64,8,2,13,11,42000,70000000,60000,18000,1,15000,18000,2,12000,72000,7800000,,,,,133,2,166,2.5,200,3,0,0,1,1,1,1,1
Discrete,DDR,512Mb,x8,Infineon,0,0,HYB25D512800BEL-6,64,8,2,13,11,42000,70000000,60000,18000,1,15000,18000,2,12000,72000,7800000,,,,,133,2,166,2.5,200,3,0,0,1,1,1,1,1
Discrete,DDR,512Mb,x8,Infineon,0,0,HYB25D512800BF-5,64,8,2,13,11,40000,70000000,55000,15000,1,15000,15000,2,10000,70000,7800000,,,,,133,2,166,2.5,200,3,0,0,1,1,1,1,1
Discrete,DDR,512Mb,x8,Infineon,0,0,HYB25D512800BF-6,64,8,2,13,11,42000,70000000,60000,18000,1,15000,18000,2,12000,72000,7800000,,,,,133,2,166,2.5,200,3,0,0,1,1,1,1,1
Discrete,DDR,512Mb,x8,Infineon,0,0,HYB25D512800BT-5,64,8,2,13,11,40000,70000000,55000,15000,1,15000,15000,2,10000,70000,7800000,,,,,133,2,166,2.5,200,3,0,0,1,1,1,1,1
Discrete,DDR,512Mb,x8,Infineon,0,0,HYB25D512800BT-6,64,8,2,13,11,42000,70000000,60000,18000,1,15000,18000,2,12000,72000,7800000,,,,,133,2,166,2.5,200,3,0,0,1,1,1,1,1
Discrete,SDRAM,128Mb,x16,Infineon,0,0,HYB25L128160AC-75,8,16,2,12,9,45000,100000000,67000,19000,0,14000,19000,2,15000,60000,15625000,0,1,0,0,105,2,133,3,0,0,0,0,1,1,1,1,1
Discrete,SDRAM,128Mb,x16,Infineon,0,0,HYB25L128160AC-8,8,16,2,12,9,48000,100000000,70000,19000,0,14000,19000,2,16000,60000,15625000,0,1,0,0,105,2,125,3,0,0,0,0,1,1,1,1,1
Discrete,DDR,1Gb,x8,Samsung,0,0,K4H1G0838A-A2,128,8,2,14,11,45000,70000000,65000,20000,1,15000,20000,2,15000,75000,7800000,,,,,133,2,133,2.5,0,0,0,0,1,1,1,1,1
Discrete,DDR,1Gb,x8,Samsung,0,0,K4H1G0838A-B0,128,8,2,14,11,45000,70000000,65000,20000,1,15000,20000,2,15000,75000,7800000,,,,,100,2,133,2.5,0,0,0,0,1,1,1,1,1
Discrete,DDR,1Gb,x8,Samsung,0,0,K4H1G0838A-B3,128,8,2,14,11,42000,70000000,60000,18000,1,15000,18000,2,12000,72000,7800000,,,,,133,2,166,2.5,0,0,0,0,1,1,1,1,1
Discrete,DDR,1Gb,x8,Samsung,0,0,K4H1G0838A-CC,128,8,2,14,11,40000,70000000,55000,15000,1,15000,15000,2,10000,70000,7800000,,,,,166,2.5,200,3,0,0,0,0,1,1,1,1,1
Discrete,DDR,1Gb,x8,Samsung,0,0,K4H1G0838M-A2,128,8,2,14,11,45000,70000000,65000,20000,1,15000,20000,2,15000,75000,7800000,,,,,133,2,133,2.5,0,0,0,0,1,1,1,1,1
Discrete,DDR,1Gb,x8,Samsung,0,0,K4H1G0838M-B0,128,8,2,14,11,45000,70000000,65000,20000,1,15000,20000,2,15000,75000,7800000,,,,,100,2,133,2.5,0,0,0,0,1,1,1,1,1
Discrete,DDR,1Gb,x8,Samsung,0,0,K4H1G0838M-B3,128,8,2,14,11,42000,70000000,60000,18000,1,15000,18000,2,12000,72000,7800000,,,,,133,2,166,2.5,0,0,0,0,1,1,1,1,1
Discrete,DDR,512Mb,x8,Samsung,0,0,K4H510838B-A2,64,8,2,13,11,45000,70000000,65000,20000,1,15000,20000,2,15000,75000,7800000,,,,,133,2,133,2.5,0,0,0,0,1,1,1,1,1
Discrete,DDR,512Mb,x8,Samsung,0,0,K4H510838B-B0,64,8,2,13,11,45000,70000000,65000,20000,1,15000,20000,2,15000,75000,7800000,,,,,100,2,133,2.5,0,0,0,0,1,1,1,1,1
Discrete,DDR,512Mb,x8,Samsung,0,0,K4H510838B-B3,64,8,2,13,11,42000,70000000,60000,18000,1,15000,18000,2,12000,72000,7800000,,,,,133,2,166,2.5,0,0,0,0,1,1,1,1,1
Discrete,DDR,512Mb,x8,Samsung,0,0,K4H510838B-CC,64,8,2,13,11,40000,70000000,55000,15000,1,15000,15000,2,10000,70000,7800000,,,,,166,2.5,200,3,0,0,0,0,1,1,1,1,1
Discrete,DDR,512Mb,x8,Samsung,0,0,K4H510838C-A2,64,8,2,13,11,45000,70000000,65000,20000,1,15000,20000,2,15000,75000,7800000,,,,,133,2,133,2.5,0,0,0,0,1,1,1,1,1
Discrete,DDR,512Mb,x8,Samsung,0,0,K4H510838C-B0,64,8,2,13,11,45000,70000000,65000,20000,1,15000,20000,2,15000,75000,7800000,,,,,100,2,133,2.5,0,0,0,0,1,1,1,1,1
Discrete,DDR,512Mb,x8,Samsung,0,0,K4H510838C-B3,64,8,2,13,11,42000,70000000,60000,18000,1,15000,18000,2,12000,72000,7800000,,,,,133,2,166,2.5,0,0,0,0,1,1,1,1,1
Discrete,DDR,512Mb,x8,Samsung,0,0,K4H510838C-CC,64,8,2,13,11,40000,70000000,55000,15000,1,15000,15000,2,10000,70000,7800000,,,,,166,2.5,200,3,0,0,0,0,1,1,1,1,1
Discrete,DDR,512Mb,x8,Samsung,0,0,K4H510838D-A2,64,8,2,13,11,45000,70000000,65000,20000,1,15000,20000,2,15000,75000,7800000,,,,,133,2,133,2.5,0,0,0,0,1,1,1,1,1
Discrete,DDR,512Mb,x8,Samsung,0,0,K4H510838D-B0,64,8,2,13,11,45000,70000000,65000,20000,1,15000,20000,2,15000,75000,7800000,,,,,100,2,133,2.5,0,0,0,0,1,1,1,1,1
Discrete,DDR,512Mb,x8,Samsung,0,0,K4H510838D-B3,64,8,2,13,11,42000,70000000,60000,18000,1,15000,18000,2,12000,72000,7800000,,,,,133,2,166,2.5,0,0,0,0,1,1,1,1,1
Discrete,DDR,512Mb,x8,Samsung,0,0,K4H510838D-CC,64,8,2,13,11,40000,70000000,55000,15000,1,15000,15000,2,10000,70000,7800000,,,,,166,2.5,200,3,0,0,0,0,1,1,1,1,1
Discrete,DDR,512Mb,x16,Samsung,0,0,K4H511638B-A2,32,16,2,13,10,45000,70000000,65000,20000,1,15000,20000,2,15000,75000,7800000,,,,,133,2,133,2.5,0,0,0,0,1,1,1,1,1
Discrete,DDR,512Mb,x16,Samsung,0,0,K4H511638B-B0,32,16,2,13,10,45000,70000000,65000,20000,1,15000,20000,2,15000,75000,7800000,,,,,100,2,133,2.5,0,0,0,0,1,1,1,1,1
Discrete,DDR,512Mb,x16,Samsung,0,0,K4H511638B-B3,32,16,2,13,10,42000,70000000,60000,18000,1,15000,18000,2,12000,72000,7800000,,,,,133,2,166,2.5,0,0,0,0,1,1,1,1,1
Discrete,DDR,512Mb,x16,Samsung,0,0,K4H511638B-CC,32,16,2,13,10,40000,70000000,55000,15000,1,15000,15000,2,10000,70000,7800000,,,,,166,2.5,200,3,0,0,0,0,1,1,1,1,1
Discrete,DDR,512Mb,x16,Samsung,0,0,K4H511638C-A2,32,16,2,13,10,45000,70000000,65000,20000,1,15000,20000,2,15000,75000,7800000,,,,,133,2,133,2.5,0,0,0,0,1,1,1,1,1
Discrete,DDR,512Mb,x16,Samsung,0,0,K4H511638C-B0,32,16,2,13,10,45000,70000000,65000,20000,1,15000,20000,2,15000,75000,7800000,,,,,100,2,133,2.5,0,0,0,0,1,1,1,1,1
Discrete,DDR,512Mb,x16,Samsung,0,0,K4H511638C-B3,32,16,2,13,10,42000,70000000,60000,18000,1,15000,18000,2,12000,72000,7800000,,,,,133,2,166,2.5,0,0,0,0,1,1,1,1,1
Discrete,DDR,512Mb,x16,Samsung,0,0,K4H511638C-CC,32,16,2,13,10,40000,70000000,55000,15000,1,15000,15000,2,10000,70000,7800000,,,,,166,2.5,200,3,0,0,0,0,1,1,1,1,1
Discrete,DDR,512Mb,x16,Samsung,0,0,K4H511638D-A2,32,16,2,13,10,45000,70000000,65000,20000,1,15000,20000,2,15000,75000,7800000,,,,,133,2,133,2.5,0,0,0,0,1,1,1,1,1
Discrete,DDR,512Mb,x16,Samsung,0,0,K4H511638D-B0,32,16,2,13,10,45000,70000000,65000,20000,1,15000,20000,2,15000,75000,7800000,,,,,100,2,133,2.5,0,0,0,0,1,1,1,1,1
Discrete,DDR,512Mb,x16,Samsung,0,0,K4H511638D-B3,32,16,2,13,10,42000,70000000,60000,18000,1,15000,18000,2,12000,72000,7800000,,,,,133,2,166,2.5,0,0,0,0,1,1,1,1,1
Discrete,DDR,512Mb,x16,Samsung,0,0,K4H511638D-CC,32,16,2,13,10,40000,70000000,55000,15000,1,15000,15000,2,10000,70000,7800000,,,,,166,2.5,200,3,0,0,0,0,1,1,1,1,1
Discrete,DDR,256Mb,x8,Samsung,0,0,K4H560838E-A2,32,8,2,13,10,45000,70000000,65000,20000,1,15000,20000,2,15000,75000,7800000,,,,,133,2,133,2.5,0,0,0,0,1,1,1,1,1
Discrete,DDR,256Mb,x8,Samsung,0,0,K4H560838E-B0,32,8,2,13,10,45000,70000000,65000,20000,1,15000,20000,2,15000,75000,7800000,,,,,100,2,133,2.5,0,0,0,0,1,1,1,1,1
Discrete,DDR,256Mb,x8,Samsung,0,0,K4H560838E-B3,32,8,2,13,10,40000,70000000,60000,18000,1,15000,18000,2,12000,72000,7800000,,,,,133,2,166,2.5,0,0,0,0,1,1,1,1,1
Discrete,DDR,256Mb,x8,Samsung,0,0,K4H560838E-CC,32,8,2,13,10,40000,70000000,55000,15000,1,15000,15000,2,10000,70000,7800000,,,,,166,2.5,200,3,0,0,0,0,1,1,1,1,1
Discrete,DDR,256Mb,x8,Samsung,0,0,K4H560838F-A2,32,8,2,13,10,45000,70000000,65000,20000,1,15000,20000,2,15000,75000,7800000,,,,,133,2,133,2.5,0,0,0,0,1,1,1,1,1
Discrete,DDR,256Mb,x8,Samsung,0,0,K4H560838F-B0,32,8,2,13,10,45000,70000000,65000,20000,1,15000,20000,2,15000,75000,7800000,,,,,100,2,133,2.5,0,0,0,0,1,1,1,1,1
Discrete,DDR,256Mb,x8,Samsung,0,0,K4H560838F-B3,32,8,2,13,10,40000,70000000,60000,18000,1,15000,18000,2,12000,72000,7800000,,,,,133,2,166,2.5,0,0,0,0,1,1,1,1,1
Discrete,DDR,256Mb,x8,Samsung,0,0,K4H560838F-CC,32,8,2,13,10,40000,70000000,55000,15000,1,15000,15000,2,10000,70000,7800000,,,,,166,2.5,200,3,0,0,0,0,1,1,1,1,1
Discrete,DDR,256Mb,x8,Samsung,0,0,K4H560838H-A2,32,8,2,13,10,45000,70000000,65000,20000,1,15000,20000,2,15000,75000,7800000,,,,,133,2,133,2.5,0,0,0,0,1,1,1,1,1
Discrete,DDR,256Mb,x8,Samsung,0,0,K4H560838H-B0,32,8,2,13,10,45000,70000000,65000,20000,1,15000,20000,2,15000,75000,7800000,,,,,100,2,133,2.5,0,0,0,0,1,1,1,1,1
Discrete,DDR,256Mb,x8,Samsung,0,0,K4H560838H-B3,32,8,2,13,10,40000,70000000,60000,18000,1,15000,18000,2,12000,72000,7800000,,,,,133,2,166,2.5,0,0,0,0,1,1,1,1,1
Discrete,DDR,256Mb,x8,Samsung,0,0,K4H560838H-CC,32,8,2,13,10,40000,70000000,55000,15000,1,15000,15000,2,10000,70000,7800000,,,,,166,2.5,200,3,0,0,0,0,1,1,1,1,1
Discrete,DDR,256Mb,x16,Samsung,0,0,K4H561638F-A2,16,16,2,13,9,45000,70000000,65000,20000,1,15000,20000,2,15000,75000,7800000,,,,,133,2,133,2.5,0,0,0,0,1,1,1,1,1
Discrete,DDR,256Mb,x16,Samsung,0,0,K4H561638F-B0,16,16,2,13,9,45000,70000000,65000,20000,1,15000,20000,2,15000,75000,7800000,,,,,100,2,133,2.5,0,0,0,0,1,1,1,1,1
Discrete,DDR,256Mb,x16,Samsung,0,0,K4H561638F-B3,16,16,2,13,9,40000,70000000,60000,18000,1,15000,18000,2,12000,72000,7800000,,,,,133,2,166,2.5,0,0,0,0,1,1,1,1,1
Discrete,DDR,256Mb,x16,Samsung,0,0,K4H561638F-CC,16,16,2,13,9,40000,70000000,55000,15000,1,15000,15000,2,10000,70000,7800000,,,,,166,2.5,200,3,0,0,0,0,1,1,1,1,1
Discrete,DDR,256Mb,x16,Samsung,0,0,K4H561638H-A2,16,16,2,13,9,45000,70000000,65000,20000,1,15000,20000,2,15000,75000,7800000,,,,,133,2,133,2.5,0,0,0,0,1,1,1,1,1
Discrete,DDR,256Mb,x16,Samsung,0,0,K4H561638H-B0,16,16,2,13,9,45000,70000000,65000,20000,1,15000,20000,2,15000,75000,7800000,,,,,100,2,133,2.5,0,0,0,0,1,1,1,1,1
Discrete,DDR,256Mb,x16,Samsung,0,0,K4H561638H-B3,16,16,2,13,9,40000,70000000,60000,18000,1,15000,18000,2,12000,72000,7800000,,,,,133,2,166,2.5,0,0,0,0,1,1,1,1,1
Discrete,DDR,256Mb,x16,Samsung,0,0,K4H561638H-CC,16,16,2,13,9,40000,70000000,55000,15000,1,15000,15000,2,10000,70000,7800000,,,,,166,2.5,200,3,0,0,0,0,1,1,1,1,1
Discrete,SDRAM,64Mb,x8,Samsung,0,0,K4S640832K-75,8,8,2,12,9,45000,100000000,65000,20000,0,12000,20000,2,15000,60000,15625000,0,1,0,0,133,3,0,0,0,0,0,0,1,1,1,1,1
Discrete,SDRAM,64Mb,x16,Samsung,0,0,K4S641632K-50,4,16,2,12,8,40000,100000000,50000,15000,0,12000,15000,2,10000,60000,15625000,0,1,0,0,200,3,0,0,0,0,0,0,1,1,1,1,1
Discrete,SDRAM,64Mb,x16,Samsung,0,0,K4S641632K-60,4,16,2,12,8,42000,100000000,60000,18000,0,12000,18000,2,12000,60000,15625000,0,1,0,0,166,3,0,0,0,0,0,0,1,1,1,1,1
Discrete,SDRAM,64Mb,x16,Samsung,0,0,K4S641632K-75,4,16,2,12,8,45000,100000000,65000,20000,0,12000,20000,2,15000,60000,15625000,0,1,0,0,133,3,0,0,0,0,0,0,1,1,1,1,1
Discrete,DDR2,1Gb,x8,Samsung,0,0,K4T1G084QA-CC,128,8,3,14,10,40000,70000000,55000,15000,,15000,15000,2,7500,127500,7800000,0,2,10000,7500,200,3,200,4,0,0,0,0,1,1,1,1,1
Discrete,DDR2,1Gb,x8,Samsung,0,0,K4T1G084QA-D5,128,8,3,14,10,40000,70000000,55000,15000,,15000,15000,2,7500,127500,7800000,0,2,7500,7500,200,3,266,4,266,5,0,0,1,1,1,1,1
Discrete,DDR2,1Gb,x8,Samsung,0,0,K4T1G084QA-E6,128,8,3,14,10,39000,70000000,54000,15000,,15000,15000,2,7500,127500,7800000,0,2,7500,7500,200,3,266,4,333,5,0,0,1,1,1,1,1
Discrete,DDR2,1Gb,x16,Samsung,0,0,K4T1G164QA-CC,64,16,3,13,10,40000,70000000,55000,15000,,15000,15000,2,10000,127500,7800000,0,2,10000,7500,200,3,200,4,266,0,0,0,1,1,1,1,1
Discrete,DDR2,1Gb,x16,Samsung,0,0,K4T1G164QA-D5,64,16,3,13,10,40000,70000000,55000,15000,,15000,15000,2,10000,127500,7800000,0,2,7500,7500,200,3,266,4,333,5,0,0,1,1,1,1,1
Discrete,DDR2,1Gb,x16,Samsung,0,0,K4T1G164QA-E6,64,16,3,13,10,39000,70000000,54000,15000,,15000,15000,2,10000,127500,7800000,0,2,7500,7500,200,3,266,4,,5,0,0,1,1,1,1,1
Discrete,DDR2,512Mb,x8,Samsung,0,0,K4T51083QB-CC,64,8,2,14,10,40000,70000000,55000,15000,,15000,15000,2,7500,105000,7800000,0,2,10000,7500,200,3,200,4,0,0,0,0,1,1,1,1,1
Discrete,DDR2,512Mb,x8,Samsung,0,0,K4T51083QB-D5,64,8,2,14,10,40000,70000000,55000,15000,,15000,15000,2,7500,105000,7800000,0,2,7500,7500,200,3,266,4,0,0,0,0,1,1,1,1,1
Discrete,DDR2,512Mb,x8,Samsung,0,0,K4T51083QC-CC,64,8,2,14,10,40000,70000000,55000,15000,,15000,15000,2,7500,105000,7800000,0,2,10000,7500,200,3,200,4,0,0,0,0,1,1,1,1,1
Discrete,DDR2,512Mb,x8,Samsung,0,0,K4T51083QC-D5,64,8,2,14,10,40000,70000000,55000,15000,,15000,15000,2,7500,105000,7800000,0,2,7500,7500,200,3,266,4,266,5,0,0,1,1,1,1,1
Discrete,DDR2,512Mb,x8,Samsung,0,0,K4T51083QC-E6,64,8,2,14,10,39000,70000000,54000,15000,,15000,15000,2,7500,105000,7800000,0,2,7500,7500,200,3,266,4,333,5,0,0,1,1,1,1,1
Discrete,DDR2,512Mb,x8,Samsung,0,0,K4T51083QC-E7,64,8,2,14,10,39000,70000000,51500,12500,,15000,12500,2,7500,105000,7800000,0,2,7500,7500,200,3,266,4,400,5,0,0,1,1,1,1,1
Discrete,DDR2,512Mb,x8,Samsung,0,0,K4T51083QC-ZCD5,64,8,2,14,10,40000,70000000,55000,15000,,15000,15000,2,7500,105000,7800000,0,2,7500,7500,200,3,266,4,266,5,0,0,1,1,1,1,1
Discrete,DDR2,512Mb,x16,Samsung,0,0,K4T51163QB-CC,32,16,2,13,10,40000,70000000,55000,15000,,15000,15000,2,10000,105000,7800000,0,2,10000,7500,200,3,200,4,0,0,0,0,1,1,1,1,1
Discrete,DDR2,512Mb,x16,Samsung,0,0,K4T51163QB-D5,32,16,2,13,10,40000,70000000,55000,15000,,15000,15000,2,10000,105000,7800000,0,2,7500,7500,200,3,266,4,0,0,0,0,1,1,1,1,1
Discrete,DDR2,512Mb,x16,Samsung,0,0,K4T51163QC-CC,32,16,2,13,10,40000,70000000,55000,15000,,15000,15000,2,10000,105000,7800000,0,2,10000,7500,200,3,200,4,0,0,0,0,1,1,1,1,1
Discrete,DDR2,512Mb,x16,Samsung,0,0,K4T51163QC-D5,32,16,2,13,10,40000,70000000,55000,15000,,15000,15000,2,10000,105000,7800000,0,2,7500,7500,200,3,266,4,266,5,0,0,1,1,1,1,1
Discrete,DDR2,512Mb,x16,Samsung,0,0,K4T51163QC-E6,32,16,2,13,10,40000,70000000,54000,15000,,15000,15000,2,10000,105000,7800000,0,2,7500,7500,200,3,266,4,333,5,0,0,1,1,1,1,1
Discrete,DDR2,512Mb,x16,Samsung,0,0,K4T51163QC-E7,32,16,2,13,10,39000,70000000,51500,12500,,15000,12500,2,10000,105000,7800000,0,2,7500,7500,200,3,266,4,400,5,0,0,1,1,1,1,1
Discrete,DDR2,512Mb,x16,Samsung,0,0,K4T51163QC-ZCD5,32,16,2,13,10,40000,70000000,55000,15000,,15000,15000,2,7500,105000,7800000,0,2,7500,7500,200,3,266,4,266,5,0,0,1,1,1,1,1
Discrete,DDR2,256Mb,x8,Samsung,0,0,K4T56083QF-CC,32,8,2,13,10,40000,70000000,55000,15000,,15000,15000,2,7500,75000,7800000,0,2,10000,7500,200,3,200,4,0,0,0,0,1,1,1,1,1
Discrete,DDR2,256Mb,x8,Samsung,0,0,K4T56083QF-D5,32,8,2,13,10,40000,70000000,55000,15000,,15000,15000,2,7500,75000,7800000,0,2,7500,7500,200,3,266,4,0,0,0,0,1,1,1,1,1
Discrete,DDR2,256Mb,x8,Samsung,0,0,K4T56083QF-E6,32,8,2,13,10,39000,70000000,54000,15000,,15000,15000,2,7500,75000,7800000,0,2,7500,7500,200,3,266,4,333,5,0,0,1,1,1,1,1
SODIMM,DDR,1GB,x64,Kingston,0,64,KVR333X64S-C25,64,8,2,13,11,42000,70000000,60000,18000,1,15000,18000,2,12000,72000,7800000,,,,,133,2,166,2.5,166,3,0,0,3,1,2,2,2
DIMM,DDR,256MB,x64,Kingston,0,64,KVR266X64C25/256,32,8,2,13,10,45000,120000000,65000,20000,1,15000,20000,2,15000,75000,7800000,,,,,133,2.5,0,0,0,0,0,0,3,1,1,1,1
SODIMM,DDR2,1GB,x64,Micron,0,64,MT16HTF12864H-40E,64,8,2,14,10,40000,70000000,55000,15000,,15000,15000,2,7500,105000,7800000,0,2,10000,7500,200,3,200,4,0,0,0,0,2,2,2,2,2
SODIMM,DDR2,1GB,x64,Micron,0,64,MT16HTF12864H-53E,64,8,2,14,10,40000,70000000,55000,15000,,15000,15000,2,7500,105000,7800000,0,2,7500,7500,200,3,266,4,0,0,0,0,2,2,2,2,2
SODIMM,DDR2,1GB,x64,Micron,0,64,MT16HTF12864H-667,64,8,2,14,10,40000,70000000,55000,15000,,15000,15000,2,7500,105000,7800000,0,2,10000,7500,200,3,266,4,333,5,0,0,2,2,2,2,2
SODIMM,DDR2,2GB,x64,Micron,0,64,MT16HTF25664H-40E,128,8,3,14,10,40000,70000000,55000,15000,,15000,15000,2,7500,127500,7800000,0,2,10000,7500,200,3,200,4,0,0,0,0,2,2,2,2,2
SODIMM,DDR2,2GB,x64,Micron,0,64,MT16HTF25664H-53E,128,8,3,14,10,40000,70000000,55000,15000,,15000,15000,2,7500,127500,7800000,0,2,7500,7500,200,3,266,4,0,0,0,0,2,2,2,2,2
SODIMM,DDR2,2GB,x64,Micron,0,64,MT16HTF25664H-667,128,8,3,14,10,40000,70000000,55000,15000,,15000,15000,2,7500,127500,7800000,0,2,10000,7500,200,3,266,4,333,5,0,0,2,2,2,2,2
SODIMM,DDR2,512MB,x64,Micron,0,64,MT16HTF6464H-40E,32,8,2,13,10,40000,70000000,55000,15000,,15000,15000,2,7500,75000,7800000,0,2,10000,7500,200,3,200,4,0,0,0,0,2,2,2,2,2
SODIMM,DDR2,512MB,x64,Micron,0,64,MT16HTF6464H-53E,32,8,2,13,10,40000,70000000,55000,15000,,15000,15000,2,7500,75000,7800000,0,2,7500,7500,200,3,266,4,0,0,0,0,2,2,2,2,2
SODIMM,DDR2,512MB,x64,Micron,0,64,MT16HTF6464H-667,32,8,2,13,10,40000,70000000,55000,15000,,15000,15000,2,7500,75000,7800000,0,2,10000,7500,266,4,333,5,0,0,0,0,2,2,2,2,2
SODIMM,DDR,1GB,x64,Micron,0,64,MT16VDDF12864(L)H-262,64,8,2,13,11,40000,120000000,60000,15000,1,15000,15000,2,15000,75000,7800000,,,,,133,2,133,2.5,0,0,0,0,2,1,2,2,2
SODIMM,DDR,1GB,x64,Micron,0,64,MT16VDDF12864(L)H-265,64,8,2,13,11,40000,120000000,65000,20000,1,15000,20000,2,15000,75000,7800000,,,,,100,2,133,2.5,0,0,0,0,2,1,2,2,2
SODIMM,DDR,1GB,x64,Micron,0,64,MT16VDDF12864(L)H-26A,64,8,2,13,11,40000,120000000,65000,20000,1,15000,20000,2,15000,75000,7800000,,,,,133,2,133,2.5,0,0,0,0,2,1,2,2,2
SODIMM,DDR,1GB,x64,Micron,0,64,MT16VDDF12864(L)H-335,64,8,2,13,11,42000,70000000,60000,15000,1,15000,15000,2,12000,72000,7800000,,,,,133,2,166,2.5,0,0,0,0,2,1,2,2,2
SODIMM,DDR,512MB,x64,Micron,0,64,MT16VDDF6464(L)H-262,32,8,2,13,10,40000,120000000,60000,15000,1,15000,15000,2,15000,75000,7800000,,,,,133,2,133,2.5,0,0,0,0,2,1,2,2,2
SODIMM,DDR,512MB,x64,Micron,0,64,MT16VDDF6464(L)H-265,32,8,2,13,10,40000,120000000,65000,20000,1,15000,20000,2,15000,75000,7800000,,,,,100,2,133,2.5,0,0,0,0,2,1,2,2,2
SODIMM,DDR,512MB,x64,Micron,0,64,MT16VDDF6464(L)H-26A,32,8,2,13,10,40000,120000000,65000,20000,1,15000,20000,2,15000,75000,7800000,,,,,133,2,133,2.5,0,0,0,0,2,1,2,2,2
SODIMM,DDR,512MB,x64,Micron,0,64,MT16VDDF6464(L)H-335,32,8,2,13,10,42000,70000000,60000,15000,1,15000,15000,2,12000,72000,7800000,,,,,133,2,166,2.5,0,0,0,0,2,1,2,2,2
Discrete,DDR,1Gb,x8,Micron,0,0,MT46V128M8-5B,128,8,2,14,11,40000,70000000,55000,15000,1,15000,15000,2,10000,120000,7800000,,,,,133,2,166,2.5,200,3,0,0,1,1,1,1,1
Discrete,DDR,1Gb,x8,Micron,0,0,MT46V128M8-6T,128,8,2,14,11,42000,70000000,60000,15000,1,15000,15000,2,12000,120000,7800000,,,,,133,2,166,2.5,0,0,0,0,1,1,1,1,1
Discrete,DDR,1Gb,x8,Micron,0,0,MT46V128M8-75,128,8,2,14,11,40000,120000000,65000,20000,1,15000,20000,2,15000,120000,7800000,,,,,100,2,133,2.5,0,0,0,0,1,1,1,1,1
Discrete,DDR,256Mb,x16,Micron,0,0,MT46V16M16-5B,16,16,2,13,9,40000,70000000,55000,15000,1,15000,15000,2,10000,70000,7800000,,,,,133,2,166,2.5,200,3,0,0,1,1,1,1,1
Discrete,DDR,256Mb,x16,Micron,0,0,MT46V16M16-6,16,16,2,13,9,42000,70000000,60000,15000,1,15000,15000,2,12000,72000,7800000,,,,,133,2,166,2.5,0,0,0,0,1,1,1,1,1
Discrete,DDR,256Mb,x16,Micron,0,0,MT46V16M16-6T,16,16,2,13,9,42000,70000000,60000,15000,1,15000,15000,2,12000,72000,7800000,,,,,133,2,166,2.5,0,0,0,0,1,1,1,1,1
Discrete,DDR,256Mb,x16,Micron,0,0,MT46V16M16-75,16,16,2,13,9,40000,120000000,65000,20000,1,15000,20000,2,15000,75000,7800000,,,,,100,2,133,2.5,0,0,0,0,1,1,1,1,1
Discrete,DDR,256Mb,x16,Micron,0,0,MT46V16M16-75E,16,16,2,13,9,40000,120000000,60000,15000,1,15000,15000,2,15000,75000,7800000,,,,,133,2,133,2.5,0,0,0,0,1,1,1,1,1
Discrete,DDR,256Mb,x16,Micron,0,0,MT46V16M16-75Z,16,16,2,13,9,40000,120000000,65000,20000,1,15000,20000,2,15000,75000,7800000,,,,,133,2,133,2.5,0,0,0,0,1,1,1,1,1
Discrete,DDR,128Mb,x8,Micron,0,0,MT46V16M8-5B,16,8,2,12,10,40000,70000000,55000,15000,1,15000,15000,2,10000,70000,7800000,,,,,133,2,166,2.5,200,3,0,0,1,1,1,1,1
Discrete,DDR,128Mb,x8,Micron,0,0,MT46V16M8-6T,16,8,2,12,10,42000,70000000,60000,15000,1,15000,15000,2,12000,72000,7800000,,,,,133,2,166,2.5,0,0,0,0,1,1,1,1,1
Discrete,DDR,128Mb,x8,Micron,0,0,MT46V16M8-75,16,8,2,12,10,40000,120000000,65000,20000,1,15000,20000,2,15000,75000,7800000,,,,,100,2,133,2.5,0,0,0,0,1,1,1,1,1
Discrete,DDR,128Mb,x8,Micron,0,0,MT46V16M8-75E,16,8,2,12,10,40000,120000000,60000,15000,1,15000,15000,2,15000,75000,7800000,,,,,133,2,133,2.5,0,0,0,0,1,1,1,1,1
Discrete,DDR,128Mb,x8,Micron,0,0,MT46V16M8-75Z,16,8,2,12,10,40000,120000000,65000,20000,1,15000,20000,2,15000,75000,7800000,,,,,133,2,133,2.5,0,0,0,0,1,1,1,1,1
Discrete,DDR,512Mb,x16,Micron,0,0,MT46V32M16-5B,32,16,2,13,10,40000,70000000,55000,15000,1,15000,15000,2,10000,70000,7800000,,,,,133,2,166,2.5,200,3,0,0,1,1,1,1,1
Discrete,DDR,512Mb,x16,Micron,0,0,MT46V32M16-6,32,16,2,13,10,42000,70000000,60000,15000,1,15000,15000,2,12000,72000,7800000,,,,,133,2,166,2.5,0,0,0,0,1,1,1,1,1
Discrete,DDR,512Mb,x16,Micron,0,0,MT46V32M16-6T,32,16,2,13,10,42000,70000000,60000,15000,1,15000,15000,2,12000,72000,7800000,,,,,133,2,166,2.5,0,0,0,0,1,1,1,1,1
Discrete,DDR,512Mb,x16,Micron,0,0,MT46V32M16-75,32,16,2,13,10,40000,120000000,65000,20000,1,15000,20000,2,15000,75000,7800000,,,,,100,2,133,2.5,0,0,0,0,1,1,1,1,1
Discrete,DDR,512Mb,x16,Micron,0,0,MT46V32M16-75E,32,16,2,13,10,40000,120000000,60000,15000,1,15000,15000,2,15000,75000,7800000,,,,,133,2,133,2.5,0,0,0,0,1,1,1,1,1
Discrete,DDR,512Mb,x16,Micron,0,0,MT46V32M16-75Z,32,16,2,13,10,40000,120000000,65000,20000,1,15000,20000,2,15000,75000,7800000,,,,,133,2,133,2.5,0,0,0,0,1,1,1,1,1
Discrete,DDR,256Mb,x8,Micron,0,0,MT46V32M8-5B,32,8,2,13,10,40000,70000000,55000,15000,1,15000,15000,2,10000,70000,7800000,,,,,133,2,166,2.5,200,3,0,0,1,1,1,1,1
Discrete,DDR,256Mb,x8,Micron,0,0,MT46V32M8-6,32,8,2,13,10,42000,70000000,60000,15000,1,15000,15000,2,12000,72000,7800000,,,,,133,2,166,2.5,0,0,0,0,1,1,1,1,1
Discrete,DDR,256Mb,x8,Micron,0,0,MT46V32M8-6T,32,8,2,13,10,42000,70000000,60000,15000,1,15000,15000,2,12000,72000,7800000,,,,,133,2,166,2.5,0,0,0,0,1,1,1,1,1
Discrete,DDR,256Mb,x8,Micron,0,0,MT46V32M8-75,32,8,2,13,10,40000,120000000,65000,20000,1,15000,20000,2,15000,75000,7800000,,,,,100,2,133,2.5,0,0,0,0,1,1,1,1,1
Discrete,DDR,256Mb,x8,Micron,0,0,MT46V32M8-75E,32,8,2,13,10,40000,120000000,60000,15000,1,15000,15000,2,15000,75000,7800000,,,,,133,2,133,2.5,0,0,0,0,1,1,1,1,1
Discrete,DDR,256Mb,x8,Micron,0,0,MT46V32M8-75Z,32,8,2,13,10,40000,120000000,65000,20000,1,15000,20000,2,15000,75000,7800000,,,,,133,2,133,2.5,0,0,0,0,1,1,1,1,1
Discrete,DDR,1Gb,x16,Micron,0,0,MT46V64M16-5B,64,16,2,14,10,40000,70000000,55000,15000,1,15000,15000,2,10000,120000,7800000,,,,,133,2,166,2.5,200,3,0,0,1,1,1,1,1
Discrete,DDR,1Gb,x16,Micron,0,0,MT46V64M16-6T,64,16,2,14,10,42000,70000000,60000,15000,1,15000,15000,2,12000,120000,7800000,,,,,133,2,166,2.5,0,0,0,0,1,1,1,1,1
Discrete,DDR,1Gb,x16,Micron,0,0,MT46V64M16-75,64,16,2,14,10,40000,120000000,65000,20000,1,15000,20000,2,15000,120000,7800000,,,,,100,2,133,2.5,0,0,0,0,1,1,1,1,1
Discrete,DDR,512Mb,x8,Micron,0,0,MT46V64M8-5B,64,8,2,13,11,40000,70000000,55000,15000,1,15000,15000,2,10000,70000,7800000,,,,,133,2,166,2.5,200,3,0,0,1,1,1,1,1
Discrete,DDR,512Mb,x8,Micron,0,0,MT46V64M8-6,64,8,2,13,11,42000,70000000,60000,15000,1,15000,15000,2,12000,72000,7800000,,,,,133,2,166,2.5,0,0,0,0,1,1,1,1,1
Discrete,DDR,512Mb,x8,Micron,0,0,MT46V64M8-6T,64,8,2,13,11,42000,70000000,60000,15000,1,15000,15000,2,12000,72000,7800000,,,,,133,2,166,2.5,0,0,0,0,1,1,1,1,1
Discrete,DDR,512Mb,x8,Micron,0,0,MT46V64M8-75,64,8,2,13,11,40000,120000000,65000,20000,1,15000,20000,2,15000,75000,7800000,,,,,100,2,133,2.5,0,0,0,0,1,1,1,1,1
Discrete,DDR,512Mb,x8,Micron,0,0,MT46V64M8-75E,64,8,2,13,11,40000,120000000,60000,15000,1,15000,15000,2,15000,75000,7800000,,,,,133,2,133,2.5,0,0,0,0,1,1,1,1,1
Discrete,DDR,512Mb,x8,Micron,0,0,MT46V64M8-75Z,64,8,2,13,11,40000,120000000,65000,20000,1,15000,20000,2,15000,75000,7800000,,,,,133,2,133,2.5,0,0,0,0,1,1,1,1,1
Discrete,DDR,128Mb,x16,Micron,0,0,MT46V8M16-5B,8,16,2,12,9,40000,70000000,55000,15000,1,15000,15000,2,10000,70000,7800000,,,,,133,2,166,2.5,200,3,0,0,1,1,1,1,1
Discrete,DDR,128Mb,x16,Micron,0,0,MT46V8M16-6T,8,16,2,12,9,42000,70000000,60000,15000,1,15000,15000,2,12000,72000,7800000,,,,,133,2,166,2.5,0,0,0,0,1,1,1,1,1
Discrete,DDR,128Mb,x16,Micron,0,0,MT46V8M16-75,8,16,2,12,9,40000,120000000,65000,20000,1,15000,20000,2,15000,75000,7800000,,,,,100,2,133,2.5,0,0,0,0,1,1,1,1,1
Discrete,DDR,128Mb,x16,Micron,0,0,MT46V8M16-75E,8,16,2,12,9,40000,120000000,60000,15000,1,15000,15000,2,15000,75000,7800000,,,,,133,2,133,2.5,0,0,0,0,1,1,1,1,1
Discrete,DDR,128Mb,x16,Micron,0,0,MT46V8M16-75Z,8,16,2,12,9,40000,120000000,65000,20000,1,15000,20000,2,15000,75000,7800000,,,,,133,2,133,2.5,0,0,0,0,1,1,1,1,1
Discrete,DDR2,1Gb,x8,Micron,0,0,MT47H128M8-187E,128,8,3,14,10,40000,70000000,54000,13125,,15000,13125,2,7500,127500,7800000,0,2,7500,7500,333,5,400,6,533,7,0,0,1,1,1,1,1
Discrete,DDR2,1Gb,x8,Micron,0,0,MT47H128M8-25,128,8,3,14,10,45000,70000000,55000,15000,,15000,15000,2,7500,127500,7800000,0,2,7500,7500,266,4,333,5,400,6,0,0,1,1,1,1,1
Discrete,DDR2,1Gb,x8,Micron,0,0,MT47H128M8-25E,128,8,3,14,10,45000,70000000,55000,12500,,15000,12500,2,7500,127500,7800000,0,2,7500,7500,266,4,400,5,333,5,0,0,1,1,1,1,1
Discrete,DDR2,1Gb,x8,Micron,0,0,MT47H128M8-3,128,8,3,14,10,40000,70000000,55000,15000,,15000,15000,2,7500,127500,7800000,0,2,7500,7500,200,3,266,4,333,5,0,0,1,1,1,1,1
Discrete,DDR2,1Gb,x8,Micron,0,0,MT47H128M8-37E,128,8,3,14,10,40000,70000000,55000,15000,,15000,15000,2,7500,127500,7800000,0,2,7500,7500,200,3,266,4,0,0,0,0,1,1,1,1,1
Discrete,DDR2,1Gb,x8,Micron,0,0,MT47H128M8-3E,128,8,3,14,10,40000,70000000,54000,12000,,15000,12000,2,7500,127500,7800000,0,2,7500,7500,333,4,333,5,0,0,0,0,1,1,1,1,1
Discrete,DDR2,1Gb,x8,Micron,0,0,MT47H128M8-5E,128,8,3,14,10,40000,70000000,55000,15000,,15000,15000,2,7500,127500,7800000,0,2,10000,7500,200,3,200,4,0,0,0,0,1,1,1,1,1
Discrete,DDR2,256Mb,x16,Micron,0,0,MT47H16M16-25E,16,16,2,13,9,40000,70000000,55000,12000,,15000,12500,2,10000,75000,7800000,0,2,7500,7500,266,4,400,5,0,0,0,0,1,1,1,1,1
Discrete,DDR2,256Mb,x16,Micron,0,0,MT47H16M16-3,16,16,2,13,9,40000,70000000,55000,15000,,15000,15000,2,10000,75000,7800000,0,2,7500,7500,200,3,266,4,333,5,0,0,1,1,1,1,1
Discrete,DDR2,256Mb,x16,Micron,0,0,MT47H16M16-37E,16,16,2,13,9,40000,70000000,55000,15000,,15000,15000,2,10000,75000,7800000,0,2,7500,7500,200,3,266,4,0,0,0,0,1,1,1,1,1
Discrete,DDR2,256Mb,x16,Micron,0,0,MT47H16M16-3E,16,16,2,13,9,40000,70000000,54000,12000,,15000,12000,2,10000,75000,7800000,0,2,7500,7500,333,4,333,5,0,0,0,0,1,1,1,1,1
Discrete,DDR2,256Mb,x16,Micron,0,0,MT47H16M16-5E,16,16,2,13,9,40000,70000000,55000,15000,,15000,15000,2,10000,75000,7800000,0,2,10000,7500,200,3,200,4,0,0,0,0,1,1,1,1,1
Discrete,DDR2,512Mb,x16,Micron,0,0,MT47H32M16-25,32,16,2,13,10,45000,70000000,55000,15000,,15000,15000,2,10000,105000,7800000,0,2,10000,7500,333,5,400,6,0,0,0,0,1,1,1,1,1
Discrete,DDR2,512Mb,x16,Micron,0,0,MT47H32M16-25E,32,16,2,13,10,45000,70000000,55000,12500,,15000,12500,2,10000,105000,7800000,0,2,7500,7500,266,4,400,5,0,5,0,0,1,1,1,1,1
Discrete,DDR2,512Mb,x16,Micron,0,0,MT47H32M16-3,32,16,2,13,10,40000,70000000,55000,15000,,15000,15000,2,10000,105000,7800000,0,2,7500,7500,200,3,266,4,333,5,0,0,1,1,1,1,1
Discrete,DDR2,512Mb,x16,Micron,0,0,MT47H32M16-37E,32,16,2,13,10,40000,70000000,55000,15000,,15000,15000,2,10000,105000,7800000,0,2,7500,7500,200,3,266,4,0,0,0,0,1,1,1,1,1
Discrete,DDR2,512Mb,x16,Micron,0,0,MT47H32M16-3E,32,16,2,13,10,40000,70000000,54000,12000,,15000,12000,2,10000,105000,7800000,0,2,7500,7500,333,4,333,5,0,0,0,0,1,1,1,1,1
Discrete,DDR2,512Mb,x16,Micron,0,0,MT47H32M16-5E,32,16,2,13,10,40000,70000000,55000,15000,,15000,15000,2,10000,105000,7800000,0,2,10000,7500,200,3,200,4,0,0,0,0,1,1,1,1,1
Discrete,DDR2,256Mb,x8,Micron,0,0,MT47H32M8-3,32,8,2,13,10,40000,70000000,55000,15000,,15000,15000,2,7500,75000,7800000,0,2,7500,7500,200,3,266,4,333,5,0,0,1,1,1,1,1
Discrete,DDR2,256Mb,x8,Micron,0,0,MT47H32M8-37E,32,8,2,13,10,40000,70000000,55000,15000,,15000,15000,2,7500,75000,7800000,0,2,7500,7500,200,3,266,4,0,0,0,0,1,1,1,1,1
Discrete,DDR2,256Mb,x8,Micron,0,0,MT47H32M8-3E,32,8,2,13,10,40000,70000000,54000,12000,,15000,12000,2,7500,75000,7800000,0,2,7500,7500,333,4,333,5,0,0,0,0,1,1,1,1,1
Discrete,DDR2,256Mb,x8,Micron,0,0,MT47H32M8-5E,32,8,2,13,10,40000,70000000,55000,15000,,15000,15000,2,7500,75000,7800000,0,2,10000,7500,200,3,200,4,0,0,0,0,1,1,1,1,1
Discrete,DDR2,1Gb,x16,Micron,0,0,MT47H64M16-187E,64,16,3,13,10,40000,70000000,54000,13125,,15000,13125,2,10000,127500,7800000,0,2,7500,7500,333,5,400,6,533,7,0,0,1,1,1,1,1
Discrete,DDR2,1Gb,x16,Micron,0,0,MT47H64M16-25,64,16,3,13,10,45000,70000000,55000,15000,,15000,15000,2,10000,127500,7800000,0,2,10000,7500,333,5,400,6,0,0,0,0,1,1,1,1,1
Discrete,DDR2,1Gb,x16,Micron,0,0,MT47H64M16-25E,64,16,3,13,10,45000,70000000,55000,12500,,15000,12500,2,10000,127500,7800000,0,2,7500,7500,266,4,400,5,0,0,0,0,1,1,1,1,1
Discrete,DDR2,1Gb,x16,Micron,0,0,MT47H64M16-3,64,16,3,13,10,40000,70000000,55000,15000,,15000,15000,2,10000,127500,7800000,0,2,7500,7500,200,3,266,4,333,5,0,0,1,1,1,1,1
Discrete,DDR2,1Gb,x16,Micron,0,0,MT47H64M16-37E,64,16,3,13,10,40000,70000000,55000,15000,,15000,15000,2,10000,127500,7800000,0,2,7500,7500,200,3,266,4,0,0,0,0,1,1,1,1,1
Discrete,DDR2,1Gb,x16,Micron,0,0,MT47H64M16-3E,64,16,3,13,10,40000,70000000,54000,12000,,15000,12000,2,10000,127500,7800000,0,2,7500,7500,266,4,333,5,0,0,0,0,1,1,1,1,1
Discrete,DDR2,1Gb,x16,Micron,0,0,MT47H64M16-5E,64,16,3,13,10,40000,70000000,55000,15000,,15000,15000,2,10000,127500,7800000,0,2,10000,7500,200,3,200,4,0,0,0,0,1,1,1,1,1
Discrete,DDR2,512Mb,x8,Micron,0,0,MT47H64M8-25,64,8,2,14,10,45000,70000000,55000,15000,,15000,15000,2,7500,105000,7800000,0,2,10000,7500,333,5,400,6,0,0,0,0,1,1,1,1,1
Discrete,DDR2,512Mb,x8,Micron,0,0,MT47H64M8-25E,64,8,2,14,10,45000,70000000,55000,12500,,15000,12500,2,7500,105000,7800000,0,2,7500,7500,266,4,400,5,0,0,0,0,1,1,1,1,1
Discrete,DDR2,512Mb,x8,Micron,0,0,MT47H64M8-3,64,8,2,14,10,40000,70000000,55000,15000,,15000,15000,2,7500,105000,7800000,0,2,7500,7500,200,3,266,4,333,5,0,0,1,1,1,1,1
Discrete,DDR2,512Mb,x8,Micron,0,0,MT47H64M8-37E,64,8,2,14,10,40000,70000000,55000,15000,,15000,15000,2,7500,105000,7800000,0,2,7500,7500,200,3,266,4,0,0,0,0,1,1,1,1,1
Discrete,DDR2,512Mb,x8,Micron,0,0,MT47H64M8-3E,64,8,2,14,10,40000,70000000,54000,12000,,15000,12000,2,7500,105000,7800000,0,2,7500,7500,333,4,333,5,0,0,0,0,1,1,1,1,1
Discrete,DDR2,512Mb,x8,Micron,0,0,MT47H64M8-5E,64,8,2,14,10,40000,70000000,55000,15000,,15000,15000,2,7500,105000,7800000,0,2,10000,7500,200,3,200,4,0,0,0,0,1,1,1,1,1
Discrete,SDRAM,256Mb,x16,Micron,0,0,MT48LC16M16A2-6A,16,16,2,13,9,42000,120000000,60000,18000,0,12000,18000,2,12000,60000,7812500,0,1,0,0,167,3,0,0,0,0,0,0,1,1,1,1,1
Discrete,SDRAM,256Mb,x16,Micron,0,0,MT48LC16M16A2-75,16,16,2,13,9,44000,120000000,66000,20000,0,15000,20000,2,15000,66000,7812500,0,1,0,0,133,3,0,0,0,0,0,0,1,1,1,1,1
Discrete,SDRAM,256Mb,x16,Micron,0,0,MT48LC16M16A2-7E,16,16,2,13,9,37000,120000000,60000,15000,0,14000,15000,2,14000,66000,7812500,0,1,0,0,143,3,0,0,0,0,0,0,1,1,1,1,1
Discrete,SDRAM,128Mb,x8,Micron,0,0,MT48LC16M8A2-6A,16,8,2,12,10,42000,120000000,60000,18000,0,12000,18000,2,12000,60000,15625000,0,1,0,0,167,3,0,0,0,0,0,0,1,1,1,1,1
Discrete,SDRAM,128Mb,x8,Micron,0,0,MT48LC16M8A2-75,16,8,2,12,10,44000,120000000,66000,20000,0,15000,20000,2,15000,66000,15625000,0,1,0,0,133,3,0,0,0,0,0,0,1,1,1,1,1
Discrete,SDRAM,128Mb,x8,Micron,0,0,MT48LC16M8A2-7E,16,8,2,12,10,37000,120000000,60000,15000,0,14000,15000,2,14000,66000,15625000,0,1,0,0,143,3,0,0,0,0,0,0,1,1,1,1,1
Discrete,SDRAM,256Mb,x8,Micron,0,0,MT48LC32M8A2-6A,32,8,2,13,10,42000,120000000,60000,18000,0,12000,18000,2,12000,60000,7812500,0,1,0,0,167,3,0,0,0,0,0,0,1,1,1,1,1
Discrete,SDRAM,256Mb,x8,Micron,0,0,MT48LC32M8A2-75,32,8,2,13,10,44000,120000000,66000,20000,0,15000,20000,2,15000,66000,7812500,0,1,0,0,133,3,0,0,0,0,0,0,1,1,1,1,1
Discrete,SDRAM,256Mb,x8,Micron,0,0,MT48LC32M8A2-7E,32,8,2,13,10,37000,120000000,60000,15000,0,14000,15000,2,14000,66000,7812500,0,1,0,0,143,3,0,0,0,0,0,0,1,1,1,1,1
Discrete,SDRAM,128Mb,x32,Micron,0,0,MT48LC4M32B2-6,4,32,2,12,8,42000,120000000,60000,18000,0,12000,18000,2,12000,60000,15625000,0,1,0,0,166,3,0,0,0,0,0,0,1,1,1,1,1
Discrete,SDRAM,128Mb,x32,Micron,0,0,MT48LC4M32B2-7,4,32,2,12,8,42000,120000000,70000,20000,0,14000,20000,2,14000,70000,15625000,0,1,0,0,143,3,0,0,0,0,0,0,1,1,1,1,1
Discrete,SDRAM,128Mb,x16,Micron,0,0,MT48LC8M16A2-6A,8,16,2,12,9,42000,120000000,60000,18000,0,12000,18000,2,12000,60000,15625000,0,1,0,0,167,3,0,0,0,0,0,0,1,1,1,1,1
Discrete,SDRAM,128Mb,x16,Micron,0,0,MT48LC8M16A2-75,8,16,2,12,9,44000,120000000,66000,20000,0,15000,20000,2,15000,66000,15625000,0,1,0,0,133,3,0,0,0,0,0,0,1,1,1,1,1
Discrete,SDRAM,128Mb,x16,Micron,0,0,MT48LC8M16A2-7E,8,16,2,12,9,37000,120000000,60000,15000,0,14000,15000,2,14000,66000,15625000,0,1,0,0,143,3,0,0,0,0,0,0,1,1,1,1,1
Discrete,SDRAM,256Mb,x32,Micron,0,0,MT48LC8M32B2-6,8,32,2,12,9,42000,120000000,60000,18000,0,12000,18000,2,12000,60000,15625000,0,1,0,0,166,3,0,0,0,0,0,0,1,1,1,1,1
Discrete,SDRAM,256Mb,x32,Micron,0,0,MT48LC8M32B2-7,8,32,2,12,9,42000,120000000,70000,20000,0,14000,20000,2,14000,70000,15625000,0,1,0,0,143,3,0,0,0,0,0,0,1,1,1,1,1
SODIMM,DDR2,128MB,x64,Micron,0,64,MT4HTF1664H-40E,16,16,2,13,9,40000,70000000,55000,15000,,15000,15000,2,10000,75000,7800000,0,2,10000,7500,200,3,200,4,0,0,0,0,2,1,1,1,1
SODIMM,DDR2,128MB,x64,Micron,0,64,MT4HTF1664H-53E,16,16,2,13,9,40000,70000000,55000,15000,,15000,15000,2,10000,75000,7800000,0,2,7500,7500,200,3,266,4,0,0,0,0,2,1,1,1,1
SODIMM,DDR2,128MB,x64,Micron,0,64,MT4HTF1664H-667,16,16,2,13,9,40000,70000000,55000,15000,,15000,15000,2,10000,75000,7800000,0,2,7500,7500,200,3,266,4,333,5,0,0,2,1,1,1,1
SODIMM,DDR2,256MB,x64,Micron,0,64,MT4HTF3264H-40E,32,16,2,13,10,40000,70000000,55000,15000,,15000,15000,2,10000,105000,7800000,0,2,10000,7500,200,3,200,4,0,0,0,0,2,1,1,1,1
SODIMM,DDR2,256MB,x64,Micron,0,64,MT4HTF3264H-53E,32,16,2,13,10,40000,70000000,55000,15000,,15000,15000,2,10000,105000,7800000,0,2,7500,7500,200,3,266,4,0,0,0,0,2,1,1,1,1
SODIMM,DDR2,256MB,x64,Micron,0,64,MT4HTF3264H-667,32,16,2,13,10,40000,70000000,55000,15000,,15000,15000,2,10000,105000,7800000,0,2,7500,7500,200,3,266,4,333,5,0,0,2,1,1,1,1
SODIMM,DDR2,512MB,x64,Micron,0,64,MT4HTF6464H-40E,64,16,3,13,10,40000,70000000,55000,15000,,15000,15000,2,10000,127500,7800000,0,2,10000,7500,200,3,200,4,0,0,0,0,2,1,1,1,1
SODIMM,DDR2,512MB,x64,Micron,0,64,MT4HTF6464H-53E,64,16,3,13,10,40000,70000000,55000,15000,,15000,15000,2,10000,127500,7800000,0,2,7500,7500,200,3,266,4,0,0,0,0,2,1,1,1,1
SODIMM,DDR2,512MB,x64,Micron,0,64,MT4HTF6464H-667,64,16,3,13,10,40000,70000000,55000,15000,,15000,15000,2,10000,105000,7800000,0,2,7500,7500,200,3,266,4,333,5,0,0,2,1,1,1,1
SODIMM,DDR,128MB,x64,Micron,0,64,MT4VDDT1664H-262,16,16,2,13,9,40000,120000000,60000,15000,1,15000,15000,2,15000,75000,7800000,,,,,133,2,133,2.5,0,0,0,0,2,1,1,1,1
SODIMM,DDR,128MB,x64,Micron,0,64,MT4VDDT1664H-265,16,16,2,13,9,40000,120000000,65000,20000,1,15000,20000,2,15000,75000,7800000,,,,,100,2,133,2.5,0,0,0,0,2,1,1,1,1
SODIMM,DDR,128MB,x64,Micron,0,64,MT4VDDT1664H-26A,16,16,2,13,9,40000,120000000,65000,20000,1,15000,20000,2,15000,75000,7800000,,,,,133,2,133,2.5,0,0,0,0,2,1,1,1,1
SODIMM,DDR,128MB,x64,Micron,0,64,MT4VDDT1664H-335,16,16,2,13,9,42000,70000000,60000,15000,1,15000,15000,2,12000,72000,7800000,,,,,133,2,166,2.5,0,0,0,0,2,1,1,1,1
SODIMM,DDR,256MB,x64,Micron,0,64,MT4VDDT3264H-262,32,16,2,13,10,40000,120000000,60000,15000,1,15000,15000,2,15000,75000,7800000,,,,,133,2,133,2.5,0,0,0,0,2,1,1,1,1
SODIMM,DDR,256MB,x64,Micron,0,64,MT4VDDT3264H-265,32,16,2,13,10,40000,120000000,65000,20000,1,15000,20000,2,15000,75000,7800000,,,,,100,2,133,2.5,0,0,0,0,2,1,1,1,1
SODIMM,DDR,256MB,x64,Micron,0,64,MT4VDDT3264H-26A,32,16,2,13,10,40000,120000000,65000,20000,1,15000,20000,2,15000,75000,7800000,,,,,133,2,133,2.5,0,0,0,0,2,1,1,1,1
SODIMM,DDR,256MB,x64,Micron,0,64,MT4VDDT3264H-335,32,16,2,13,10,42000,70000000,60000,15000,1,15000,15000,2,12000,72000,7800000,,,,,133,2,166,2.5,0,0,0,0,2,1,1,1,1
SODIMM,DDR,64MB,x64,Micron,0,64,MT4VDDT864H-262,8,16,2,12,9,40000,120000000,60000,15000,1,15000,15000,2,15000,75000,7800000,,,,,133,2,133,2.5,0,0,0,0,2,1,1,1,1
SODIMM,DDR,64MB,x64,Micron,0,64,MT4VDDT864H-265,8,16,2,12,9,40000,120000000,65000,20000,1,15000,20000,2,15000,75000,7800000,,,,,100,2,133,2.5,0,0,0,0,2,1,1,1,1
SODIMM,DDR,64MB,x64,Micron,0,64,MT4VDDT864H-26A,8,16,2,12,9,40000,120000000,65000,20000,1,15000,20000,2,15000,75000,7800000,,,,,133,2,133,2.5,0,0,0,0,2,1,1,1,1
SODIMM,DDR,64MB,x64,Micron,0,64,MT4VDDT864H-335,8,16,2,12,9,42000,70000000,60000,15000,1,15000,15000,2,12000,72000,7800000,,,,,133,2,166,2.5,0,0,0,0,2,1,1,1,1
SODIMM,DDR2,1GB,x64,Micron,0,64,MT8HTF12864HD-40E,64,16,3,13,10,40000,70000000,55000,15000,,15000,15000,2,10000,127500,7800000,0,2,10000,7500,200,3,200,4,0,0,0,0,2,2,2,2,2
SODIMM,DDR2,1GB,x64,Micron,0,64,MT8HTF12864HD-53E,64,16,3,13,10,40000,70000000,55000,15000,,15000,15000,2,10000,127500,7800000,0,2,7500,7500,200,3,266,4,0,0,0,0,2,2,2,2,2
SODIMM,DDR2,1GB,x64,Micron,0,64,MT8HTF12864HD-667,64,16,3,13,10,40000,70000000,55000,15000,,15000,15000,2,10000,127500,7800000,0,2,7500,7500,200,3,266,4,333,5,0,0,2,2,2,2,2
SODIMM,DDR2,256MB,x64,Micron,0,64,MT8HTF3264HD-40E,16,16,2,13,9,40000,70000000,55000,15000,,15000,15000,2,10000,75000,7800000,0,2,7500,7500,200,3,200,4,0,0,0,0,2,2,2,2,2
SODIMM,DDR2,256MB,x64,Micron,0,64,MT8HTF3264HD-53E,16,16,2,13,9,40000,70000000,55000,15000,,15000,15000,2,10000,75000,7800000,0,2,7500,7500,200,3,266,4,0,0,0,0,2,2,2,2,2
SODIMM,DDR2,256MB,x64,Micron,0,64,MT8HTF3264HD-667,16,16,2,13,9,40000,70000000,55000,15000,,15000,15000,2,10000,75000,7800000,0,2,7500,7500,200,3,266,4,333,5,0,0,2,2,2,2,2
SODIMM,DDR2,512MB,x64,Micron,0,64,MT8HTF6464HD-40E,32,16,2,13,10,40000,70000000,55000,15000,,15000,15000,2,10000,105000,7800000,0,2,10000,7500,200,3,200,4,0,0,0,0,2,2,2,2,2
SODIMM,DDR2,512MB,x64,Micron,0,64,MT8HTF6464HD-53E,32,16,2,13,10,40000,70000000,55000,15000,,15000,15000,2,10000,105000,7800000,0,2,7500,7500,200,3,266,4,0,0,0,0,2,2,2,2,2
SODIMM,DDR2,512MB,x64,Micron,0,64,MT8HTF6464HD-667,32,16,2,13,10,40000,70000000,55000,15000,,15000,15000,2,10000,105000,7800000,0,2,7500,7500,200,3,266,4,333,5,0,0,2,2,2,2,2
SOCDIMM,DDR2,1GB,x64,Micron,0,64,MT9HTF12872CHY-53E,128,8,3,14,10,40000,70000000,55000,15000,,15000,15000,2,7500,127500,7800000,0,2,7500,7500,200,3,266,4,0,0,0,0,1,1,1,1,1
SOCDIMM,DDR2,1GB,x64,Micron,0,64,MT9HTF12872CHY-667,128,8,3,14,10,40000,70000000,55000,15000,,15000,15000,2,7500,127500,7800000,0,2,7500,7500,200,3,266,4,333,5,0,0,1,1,1,1,1
SOCDIMM,DDR2,1GB,x64,Micron,0,64,MT9HTF12872CHY-800,128,8,3,14,10,45000,70000000,55000,15000,,15000,15000,2,7500,127500,7800000,0,2,7500,7500,266,4,333,5,400,6,0,0,1,1,1,1,1
SOCDIMM,DDR2,1GB,x64,Micron,0,64,MT9HTF12872CHY-80E,128,8,3,14,10,45000,70000000,55000,12500,,15000,12500,2,7500,127500,7800000,0,2,7500,7500,266,4,400,5,333,5,0,0,1,1,1,1,1
SOCDIMM,DDR2,512MB,x64,Micron,0,64,MT9HTF6472CHY-53E,64,8,2,14,10,40000,70000000,55000,15000,,15000,15000,2,7500,105000,7800000,0,2,7500,7500,200,3,266,4,0,0,0,0,1,1,1,1,1
SOCDIMM,DDR2,512MB,x64,Micron,0,64,MT9HTF6472CHY-667,64,8,2,14,10,40000,70000000,55000,15000,,15000,15000,2,7500,105000,7800000,0,2,7500,7500,200,3,266,4,333,5,0,0,1,1,1,1,1
SOCDIMM,DDR2,512MB,x64,Micron,0,64,MT9HTF6472CHY-800,64,8,2,14,10,45000,70000000,55000,15000,,15000,15000,2,7500,105000,7800000,0,2,10000,7500,333,5,400,6,0,0,0,0,1,1,1,1,1
SOCDIMM,DDR2,512MB,x64,Micron,0,64,MT9HTF6472CHY-80E,64,8,2,14,10,45000,70000000,55000,12500,,15000,12500,2,7500,105000,7800000,0,2,7500,7500,266,4,400,5,0,0,0,0,1,1,1,1,1
DIMM,DDR2,1GB,x64,Micron,1,64,MT9HVF12872K-40E,128,8,3,14,10,40000,70000000,55000,15000,,15000,15000,2,7500,127500,7800000,0,2,10000,7500,400,3,400,4,0,0,0,0,1,1,1,1,1
DIMM,DDR2,1GB,x64,Micron,1,64,MT9HVF12872K-53E,128,8,3,14,10,40000,70000000,55000,15000,,15000,15000,2,7500,127500,7800000,0,2,7500,7500,400,3,533,4,0,0,0,0,1,1,1,1,1
DIMM,DDR2,1GB,x64,Micron,1,64,MT9HVF12872K-667,128,8,3,14,10,40000,70000000,55000,15000,,15000,15000,2,7500,127500,7800000,0,2,7500,7500,400,3,533,4,667,5,0,0,1,1,1,1,1
DIMM,DDR2,256MB,x64,Micron,1,64,MT9HVF3272K-40E,32,8,2,13,10,40000,70000000,55000,15000,,15000,15000,2,7500,75000,7800000,0,2,10000,7500,400,3,400,4,0,0,0,0,1,1,1,1,1
DIMM,DDR2,256MB,x64,Micron,1,64,MT9HVF3272K-53E,32,8,2,13,10,40000,70000000,55000,15000,,15000,15000,2,7500,75000,7800000,0,2,7500,7500,400,3,533,4,0,0,0,0,1,1,1,1,1
DIMM,DDR2,256MB,x64,Micron,1,64,MT9HVF3272K-667,32,8,2,13,10,40000,70000000,55000,15000,,15000,15000,2,7500,75000,7800000,0,2,7500,7500,400,3,533,4,667,5,0,0,1,1,1,1,1
DIMM,DDR2,512MB,x64,Micron,1,64,MT9HVF6472K-40E,64,8,2,14,10,40000,70000000,55000,15000,,15000,15000,2,7500,105000,7800000,0,2,10000,7500,400,3,400,4,0,0,0,0,1,1,1,1,1
DIMM,DDR2,512MB,x64,Micron,1,64,MT9HVF6472K-53E,64,8,2,14,10,40000,70000000,55000,15000,,15000,15000,2,7500,105000,7800000,0,2,7500,7500,400,3,533,4,0,0,0,0,1,1,1,1,1
DIMM,DDR2,512MB,x64,Micron,1,64,MT9HVF6472K-667,64,8,2,14,10,40000,70000000,55000,15000,,15000,15000,2,7500,105000,7800000,0,2,7500,7500,400,3,533,4,667,5,0,0,1,1,1,1,1
DIMM,DDR2,1GB,x64,SimpleTech,1,64,SL72P8M128M8M-A37FYU,64,8,2,14,10,45000,70000000,60000,15000,,15000,15000,2,7500,105000,7800000,0,2,10000,7500,200,3,200,4,0,0,0,0,1,2,2,2,2
DIMM,DDR2,1GB,x64,Wintec,1,64,W1D128M72R8A-3_75,128,8,3,14,10,45000,70000000,60000,15000,,15000,15000,2,7500,105000,7800000,0,2,7500,7500,267,4,267,5,0,0,0,0,1,1,1,1,1
DIMM,DDR2,1GB,x64,Wintec,1,64,W1D128M72R8A-5A,128,8,3,14,10,45000,70000000,60000,15000,,15000,15000,2,7500,105000,7800000,0,2,10000,7500,200,3,200,4,0,0,0,0,1,1,1,1,1
DIMM,DDR2,2GB,x64,Wintec,1,64,W1D256M72R8A-3_75,256,8,3,14,11,45000,70000000,60000,15000,,15000,15000,2,7500,105000,7800000,0,2,7500,7500,267,4,267,5,0,0,0,0,1,1,1,1,1
DIMM,DDR2,2GB,x64,Wintec,1,64,W1D256M72R8A-5A,256,8,3,14,11,45000,70000000,60000,15000,,15000,15000,2,7500,105000,7800000,0,2,10000,7500,200,3,200,4,0,0,0,0,1,1,1,1,1
DIMM,DDR2,256MB,x64,Wintec,1,64,W1D32M72R8A-3_75,32,8,2,13,10,45000,70000000,60000,15000,,15000,15000,2,7500,105000,7800000,0,2,7500,7500,267,4,267,5,0,0,0,0,1,1,1,1,1
DIMM,DDR2,256MB,x64,Wintec,1,64,W1D32M72R8A-5A,32,8,2,13,10,45000,70000000,60000,15000,,15000,15000,2,7500,105000,7800000,0,2,10000,7500,200,3,200,4,0,0,0,0,1,1,1,1,1
DIMM,DDR2,512MB,x64,Wintec,1,64,W1D64M72R8A-3_75,64,8,2,14,10,45000,70000000,60000,15000,,15000,15000,2,7500,105000,7800000,0,2,7500,7500,267,4,267,5,0,0,0,0,1,1,1,1,1
DIMM,DDR2,512MB,x64,Wintec,1,64,W1D64M72R8A-5A,64,8,2,14,10,45000,70000000,60000,15000,,15000,15000,2,7500,105000,7800000,0,2,10000,7500,200,3,200,4,0,0,0,0,1,1,1,1,1
DIMM,DDR,256MB,x64,Wintec,1,64,W4F232726HA-5Q,32,8,2,13,10,40000,70000000,55000,15000,1,15000,15000,2,10000,75000,7800000,,,,,200,3,0,0,0,0,0,0,1,1,1,1,1
DIMM,DDR2,512MB,x64,Wintec,1,64,WD2RE512X809-667D,64,8,2,14,10,45000,70000000,60000,15000,,15000,15000,2,7500,105000,7800000,0,2,7500,7500,400,3,533,4,667,5,0,0,1,1,1,1,1
SODIMM,DDR2,256MB,x64,Wintec,0,64,WD2SN256X604-533E,32,16,2,13,10,45000,70000000,60000,15000,,15000,15000,2,7500,75000,7800000,0,2,7500,7500,200,3,267,4,0,0,0,0,1,1,1,1,1
Discrete,DDR3,128MB,x16,Micron,0,8,MT41J64M16-15E,64,8,3,13,10,36000,70000000,49500,13500,,15000,13500,4,6000,110000,7800000,0,4,7500,7500,400,6,533,8,666,9,800,10,1,1,1,1,1
Discrete,DDR3,128MB,x8,Micron,0,8,MT41J128M8-15E,128,8,3,14,10,36000,70000000,49500,13500,,15000,13500,4,6000,110000,7800000,0,4,7500,7500,400,6,533,8,666,9,800,10,1,1,1,1,1
Discrete,LPDDR,64MB,x16,Micron,0,16,MT46H32M16-5,16,16,2,13,10,40000,70000000,55000,15000,,15000,15000,2,10000,97500,7800000,,,2,,83,2,200,3,0,0,0,0,1,1,1,1,1
Discrete,DDR3,128MB,x4,Micron,0,8,MT41J256M4-15E,256,4,3,14,11,36000,70000000,49500,13500,,15000,13500,4,6000,110000,7800000,0,4,7500,7500,400,6,533,8,666,9,800,10,1,1,1,1,1
SODIMM,DDR3,512MB,x64,Micron,0,64,MT4JSF6464H-1G1,64,16,3,13,10,37500,70000000,50625,13125,,15000,13125,4,7500,110000,7800000,0,4,7500,7500,400,6,533,7,533,8,0,0,1,1,1,1,1
